"CONVERSATION ID","CONVERSATION TITLE","FROM","SENDER PROFILE URL","TO","RECIPIENT PROFILE URLS","DATE","SUBJECT","CONTENT","FOLDER","ATTACHMENTS","IS MESSAGE DRAFT","IS CONVERSATION DRAFT"
"demo-conv-0108","","Talia Petrov","https://www.linkedin.com/in/talia-petrov-demo","Sam Rivera","https://www.linkedin.com/in/sam-rivera-demo","2026-08-12 21:08:00 UTC","","Let me check with the team and get back to you.","INBOX","","false","false"
"demo-conv-0119","","Sam Rivera","https://www.linkedin.com/in/sam-rivera-demo","Nia Eriksen","https://www.linkedin.com/in/nia-eriksen-demo","2026-08-10 12:42:00 UTC","","That makes sense, thank you.","INBOX","","false","false"
"demo-conv-0000","","Priya Okafor","https://www.linkedin.com/in/priya-okafor-demo","Sam Rivera","https://www.linkedin.com/in/sam-rivera-demo","2026-08-09 18:40:00 UTC","","Sure, works for me.","INBOX","","false","false"
"demo-conv-0119","","Sam Rivera","https://www.linkedin.com/in/sam-rivera-demo","Nia Eriksen","https://www.linkedin.com/in/nia-eriksen-demo","2026-08-09 15:41:00 UTC","","Do you have a template for that?","INBOX","","false","false"
"demo-conv-0007","","Sam Rivera","https://www.linkedin.com/in/sam-rivera-demo","Ingrid Sorensen","https://www.linkedin.com/in/ingrid-sorensen-demo","2026-08-09 13:01:00 UTC","","Are you around for a call Thursday?","INBOX","","false","false"
"demo-conv-0002","","Sam Rivera","https://www.linkedin.com/in/sam-rivera-demo","Marcus Nakamura","https://www.linkedin.com/in/marcus-nakamura-demo","2026-08-08 21:24:00 UTC","","Appreciate it!","INBOX","","false","false"
"demo-conv-0100","","Sam Rivera","https://www.linkedin.com/in/sam-rivera-demo","Nadia Bakshi","https://www.linkedin.com/in/nadia-bakshi-demo","2026-08-08 21:13:00 UTC","","Are you around for a call Thursday?","INBOX","","false","false"
"demo-conv-0018","","Sam Rivera","https://www.linkedin.com/in/sam-rivera-demo","Nadia Lockhart","https://www.linkedin.com/in/nadia-lockhart-demo","2026-08-08 16:23:00 UTC","","Saw your post, great points on activation.","INBOX","","false","false"
"demo-conv-0100","","Sam Rivera","https://www.linkedin.com/in/sam-rivera-demo","Nadia Bakshi","https://www.linkedin.com/in/nadia-bakshi-demo","2026-08-08 15:49:00 UTC","","Do you have a template for that?","INBOX","","false","false"
"demo-conv-0018","","Sam Rivera","https://www.linkedin.com/in/sam-rivera-demo","Nadia Lockhart","https://www.linkedin.com/in/nadia-lockhart-demo","2026-08-06 19:54:00 UTC","","Would love to catch up when you are in town.","INBOX","","false","false"
"demo-conv-0001","","Sam Rivera","https://www.linkedin.com/in/sam-rivera-demo","Jordan Lindqvist","https://www.linkedin.com/in/jordan-lindqvist-demo","2026-08-06 14:38:00 UTC","","Are you around for a call Thursday?","INBOX","","false","false"
"demo-conv-0105","","Sam Rivera","https://www.linkedin.com/in/sam-rivera-demo","Jordan Moreau","https://www.linkedin.com/in/jordan-moreau-demo","2026-08-06 13:58:00 UTC","","Congrats on the launch!","INBOX","","false","false"
"demo-conv-0025","","Sam Rivera","https://www.linkedin.com/in/sam-rivera-demo","Rowan Abernathy","https://www.linkedin.com/in/rowan-abernathy-demo","2026-08-05 18:49:00 UTC","","Thanks for the intro last week, that was really helpful.","INBOX","","false","false"
"demo-conv-0025","","Sam Rivera","https://www.linkedin.com/in/sam-rivera-demo","Rowan Abernathy","https://www.linkedin.com/in/rowan-abernathy-demo","2026-08-05 16:40:00 UTC","","That makes sense, thank you.","INBOX","","false","false"
"demo-conv-0105","","Sam Rivera","https://www.linkedin.com/in/sam-rivera-demo","Jordan Moreau","https://www.linkedin.com/in/jordan-moreau-demo","2026-08-03 15:23:00 UTC","","Do you have a template for that?","INBOX","","false","false"
"demo-conv-0001","","Sam Rivera","https://www.linkedin.com/in/sam-rivera-demo","Jordan Lindqvist","https://www.linkedin.com/in/jordan-lindqvist-demo","2026-08-03 13:51:00 UTC","","Sending over the doc now.","INBOX","","false","false"
"demo-conv-0108","","Sam Rivera","https://www.linkedin.com/in/sam-rivera-demo","Talia Petrov","https://www.linkedin.com/in/talia-petrov-demo","2026-08-03 00:02:25 UTC","","Ha, exactly.","INBOX","","false","false"
"demo-conv-0019","","Sam Rivera","https://www.linkedin.com/in/sam-rivera-demo","Nadia Sallow","https://www.linkedin.com/in/nadia-sallow-demo","2026-08-02 19:53:00 UTC","","Do you have a template for that?","INBOX","","false","false"
"demo-conv-0106","","Sam Rivera","https://www.linkedin.com/in/sam-rivera-demo","Aisha Abernathy","https://www.linkedin.com/in/aisha-abernathy-demo","2026-08-01 21:31:00 UTC","","Let me check with the team and get back to you.","INBOX","","false","false"
"demo-conv-0058","","Sam Rivera","https://www.linkedin.com/in/sam-rivera-demo","Greta Delgado","https://www.linkedin.com/in/greta-delgado-demo","2026-07-30 18:46:00 UTC","","Appreciate it!","INBOX","","false","false"
"demo-conv-0000","","Sam Rivera","https://www.linkedin.com/in/sam-rivera-demo","Priya Okafor","https://www.linkedin.com/in/priya-okafor-demo","2026-07-29 20:04:00 UTC","","Congrats on the launch!","INBOX","","false","false"
"demo-conv-0062","","Sam Rivera","https://www.linkedin.com/in/sam-rivera-demo","Ezra Duarte","https://www.linkedin.com/in/ezra-duarte-demo","2026-07-29 15:41:00 UTC","","Ha, exactly.","INBOX","","false","false"
"demo-conv-0012","","Sam Rivera","https://www.linkedin.com/in/sam-rivera-demo","Wren Quintero","https://www.linkedin.com/in/wren-quintero-demo","2026-07-29 12:06:00 UTC","","Following up on this.","INBOX","","false","false"
"demo-conv-0062","","Sam Rivera","https://www.linkedin.com/in/sam-rivera-demo","Ezra Duarte","https://www.linkedin.com/in/ezra-duarte-demo","2026-07-27 16:36:00 UTC","","Ha, exactly.","INBOX","","false","false"
"demo-conv-0012","","Sam Rivera","https://www.linkedin.com/in/sam-rivera-demo","Wren Quintero","https://www.linkedin.com/in/wren-quintero-demo","2026-07-26 21:03:00 UTC","","Yes, sent it over.","INBOX","","false","false"
"demo-conv-0032","","Lucia Abernathy","https://www.linkedin.com/in/lucia-abernathy-demo","Sam Rivera","https://www.linkedin.com/in/sam-rivera-demo","2026-07-25 17:40:00 UTC","","Thanks for the intro last week, that was really helpful.","INBOX","","false","false"
"demo-conv-0108","","Talia Petrov","https://www.linkedin.com/in/talia-petrov-demo","Sam Rivera","https://www.linkedin.com/in/sam-rivera-demo","2026-07-24 09:42:51 UTC","","Sending over the doc now.","INBOX","","false","false"
"demo-conv-0077","","Sam Rivera","https://www.linkedin.com/in/sam-rivera-demo","Sloane Castellano","https://www.linkedin.com/in/sloane-castellano-demo","2026-07-20 13:33:00 UTC","","Do you have a template for that?","INBOX","","false","false"
"demo-conv-0000","","Sam Rivera","https://www.linkedin.com/in/sam-rivera-demo","Priya Okafor","https://www.linkedin.com/in/priya-okafor-demo","2026-07-18 12:22:00 UTC","","That makes sense, thank you.","INBOX","","false","false"
"demo-conv-0108","","Sam Rivera","https://www.linkedin.com/in/sam-rivera-demo","Talia Petrov","https://www.linkedin.com/in/talia-petrov-demo","2026-07-15 02:21:17 UTC","","Ha, exactly.","INBOX","","false","false"
"demo-conv-0069","","Theo Lockhart","https://www.linkedin.com/in/theo-lockhart-demo","Sam Rivera","https://www.linkedin.com/in/sam-rivera-demo","2026-07-12 19:07:00 UTC","","That makes sense, thank you.","INBOX","","false","false"
"demo-conv-0000","","Priya Okafor","https://www.linkedin.com/in/priya-okafor-demo","Sam Rivera","https://www.linkedin.com/in/sam-rivera-demo","2026-07-07 19:36:00 UTC","","Ha, exactly.","INBOX","","false","false"
"demo-conv-0032","","Sam Rivera","https://www.linkedin.com/in/sam-rivera-demo","Lucia Abernathy","https://www.linkedin.com/in/lucia-abernathy-demo","2026-07-07 12:24:30 UTC","","Thanks for the intro last week, that was really helpful.","INBOX","","false","false"
"demo-conv-0010","","Wesley Marchetti","https://www.linkedin.com/in/wesley-marchetti-demo","Sam Rivera","https://www.linkedin.com/in/sam-rivera-demo","2026-07-07 12:15:00 UTC","","Quick question about the onboarding flow.","INBOX","","false","false"
"demo-conv-0034","","Sam Rivera","https://www.linkedin.com/in/sam-rivera-demo","Dev Adeyemi","https://www.linkedin.com/in/dev-adeyemi-demo","2026-07-06 13:16:00 UTC","","Let me check with the team and get back to you.","INBOX","","false","false"
"demo-conv-0108","","Talia Petrov","https://www.linkedin.com/in/talia-petrov-demo","Sam Rivera","https://www.linkedin.com/in/sam-rivera-demo","2026-07-05 05:45:42 UTC","","Following up on this.","INBOX","","false","false"
"demo-conv-0069","","Sam Rivera","https://www.linkedin.com/in/sam-rivera-demo","Theo Lockhart","https://www.linkedin.com/in/theo-lockhart-demo","2026-07-04 10:14:14 UTC","","Congrats on the launch!","INBOX","","false","false"
"demo-conv-0009","","Sam Rivera","https://www.linkedin.com/in/sam-rivera-demo","Hana Kowalski","https://www.linkedin.com/in/hana-kowalski-demo","2026-06-28 14:25:00 UTC","","Quick question about the onboarding flow.","INBOX","","false","false"
"demo-conv-0016","","Sam Rivera","https://www.linkedin.com/in/sam-rivera-demo","Sloane Kowalski","https://www.linkedin.com/in/sloane-kowalski-demo","2026-06-27 20:54:00 UTC","","Following up on this.","INBOX","","false","false"
"demo-conv-0010","","Sam Rivera","https://www.linkedin.com/in/sam-rivera-demo","Wesley Marchetti","https://www.linkedin.com/in/wesley-marchetti-demo","2026-06-27 17:51:26 UTC","","Sure, works for me.","INBOX","","false","false"
"demo-conv-0000","","Sam Rivera","https://www.linkedin.com/in/sam-rivera-demo","Priya Okafor","https://www.linkedin.com/in/priya-okafor-demo","2026-06-26 16:14:00 UTC","","Do you have a template for that?","INBOX","","false","false"
"demo-conv-0069","","Theo Lockhart","https://www.linkedin.com/in/theo-lockhart-demo","Sam Rivera","https://www.linkedin.com/in/sam-rivera-demo","2026-06-26 02:08:28 UTC","","Quick question about the onboarding flow.","INBOX","","false","false"
"demo-conv-0108","","Sam Rivera","https://www.linkedin.com/in/sam-rivera-demo","Talia Petrov","https://www.linkedin.com/in/talia-petrov-demo","2026-06-25 17:04:08 UTC","","Do you have a template for that?","INBOX","","false","false"
"demo-conv-0047","","Leo Iyer","https://www.linkedin.com/in/leo-iyer-demo","Sam Rivera","https://www.linkedin.com/in/sam-rivera-demo","2026-06-20 18:11:00 UTC","","Sending over the doc now.","INBOX","","false","false"
"demo-conv-0086","","Sam Rivera","https://www.linkedin.com/in/sam-rivera-demo","Callum Nakamura","https://www.linkedin.com/in/callum-nakamura-demo","2026-06-19 17:59:00 UTC","","Saw your post, great points on activation.","INBOX","","false","false"
"demo-conv-0032","","Lucia Abernathy","https://www.linkedin.com/in/lucia-abernathy-demo","Sam Rivera","https://www.linkedin.com/in/sam-rivera-demo","2026-06-19 09:10:01 UTC","","Saw your post, great points on activation.","INBOX","","false","false"
"demo-conv-0010","","Sam Rivera","https://www.linkedin.com/in/sam-rivera-demo","Wesley Marchetti","https://www.linkedin.com/in/wesley-marchetti-demo","2026-06-18 01:13:52 UTC","","Quick question about the onboarding flow.","INBOX","","false","false"
"demo-conv-0069","","Theo Lockhart","https://www.linkedin.com/in/theo-lockhart-demo","Sam Rivera","https://www.linkedin.com/in/sam-rivera-demo","2026-06-17 13:51:43 UTC","","Thanks for the intro last week, that was really helpful.","INBOX","","false","false"
"demo-conv-0078","","Sofia Brennan","https://www.linkedin.com/in/sofia-brennan-demo","Sam Rivera","https://www.linkedin.com/in/sam-rivera-demo","2026-06-16 18:51:00 UTC","","Thanks for the intro last week, that was really helpful.","INBOX","","false","false"
"demo-conv-0108","","Talia Petrov","https://www.linkedin.com/in/talia-petrov-demo","Sam Rivera","https://www.linkedin.com/in/sam-rivera-demo","2026-06-16 06:21:34 UTC","","Yes, sent it over.","INBOX","","false","false"
"demo-conv-0000","","Priya Okafor","https://www.linkedin.com/in/priya-okafor-demo","Sam Rivera","https://www.linkedin.com/in/sam-rivera-demo","2026-06-15 15:41:00 UTC","","Quick question about the onboarding flow.","INBOX","","false","false"
"demo-conv-0034","","Sam Rivera","https://www.linkedin.com/in/sam-rivera-demo","Dev Adeyemi","https://www.linkedin.com/in/dev-adeyemi-demo","2026-06-13 14:28:39 UTC","","Thanks for the intro last week, that was really helpful.","INBOX","","false","false"
"demo-conv-0086","","Callum Nakamura","https://www.linkedin.com/in/callum-nakamura-demo","Sam Rivera","https://www.linkedin.com/in/sam-rivera-demo","2026-06-11 23:13:18 UTC","","Do you have a template for that?","INBOX","","false","false"
"demo-conv-0069","","Theo Lockhart","https://www.linkedin.com/in/theo-lockhart-demo","Sam Rivera","https://www.linkedin.com/in/sam-rivera-demo","2026-06-09 10:17:57 UTC","","Saw your post, great points on activation.","INBOX","","false","false"
"demo-conv-0010","","Sam Rivera","https://www.linkedin.com/in/sam-rivera-demo","Wesley Marchetti","https://www.linkedin.com/in/wesley-marchetti-demo","2026-06-08 03:55:18 UTC","","Do you have a template for that?","INBOX","","false","false"
"demo-conv-0005","","Sam Rivera","https://www.linkedin.com/in/sam-rivera-demo","Aisha Haddad","https://www.linkedin.com/in/aisha-haddad-demo","2026-06-06 12:55:00 UTC","","Saw your post, great points on activation.","INBOX","","false","false"
"demo-conv-0108","","Sam Rivera","https://www.linkedin.com/in/sam-rivera-demo","Talia Petrov","https://www.linkedin.com/in/talia-petrov-demo","2026-06-06 12:39:00 UTC","","Following up on this.","INBOX","","false","false"
"demo-conv-0000","","Sam Rivera","https://www.linkedin.com/in/sam-rivera-demo","Priya Okafor","https://www.linkedin.com/in/priya-okafor-demo","2026-06-04 14:08:00 UTC","","Sure, works for me.","INBOX","","false","false"
"demo-conv-0086","","Sam Rivera","https://www.linkedin.com/in/sam-rivera-demo","Callum Nakamura","https://www.linkedin.com/in/callum-nakamura-demo","2026-06-04 10:02:37 UTC","","Thanks for the intro last week, that was really helpful.","INBOX","","false","false"
"demo-conv-0077","","Sloane Castellano","https://www.linkedin.com/in/sloane-castellano-demo","Sam Rivera","https://www.linkedin.com/in/sam-rivera-demo","2026-06-03 06:52:00 UTC","","Let me check with the team and get back to you.","INBOX","","false","false"
"demo-conv-0032","","Sam Rivera","https://www.linkedin.com/in/sam-rivera-demo","Lucia Abernathy","https://www.linkedin.com/in/lucia-abernathy-demo","2026-06-01 04:18:32 UTC","","Appreciate it!","INBOX","","false","false"
"demo-conv-0069","","Sam Rivera","https://www.linkedin.com/in/sam-rivera-demo","Theo Lockhart","https://www.linkedin.com/in/theo-lockhart-demo","2026-06-01 03:43:11 UTC","","Appreciate it!","INBOX","","false","false"
"demo-conv-0010","","Wesley Marchetti","https://www.linkedin.com/in/wesley-marchetti-demo","Sam Rivera","https://www.linkedin.com/in/sam-rivera-demo","2026-05-29 01:06:45 UTC","","Ha, exactly.","INBOX","","false","false"
"demo-conv-0108","","Talia Petrov","https://www.linkedin.com/in/talia-petrov-demo","Sam Rivera","https://www.linkedin.com/in/sam-rivera-demo","2026-05-28 06:20:25 UTC","","Do you have a template for that?","INBOX","","false","false"
"demo-conv-0086","","Callum Nakamura","https://www.linkedin.com/in/callum-nakamura-demo","Sam Rivera","https://www.linkedin.com/in/sam-rivera-demo","2026-05-27 23:49:56 UTC","","Thanks for the intro last week, that was really helpful.","INBOX","","false","false"
"demo-conv-0009","","Hana Kowalski","https://www.linkedin.com/in/hana-kowalski-demo","Sam Rivera","https://www.linkedin.com/in/sam-rivera-demo","2026-05-27 10:03:46 UTC","","Sure, works for me.","INBOX","","false","false"
"demo-conv-0000","","Priya Okafor","https://www.linkedin.com/in/priya-okafor-demo","Sam Rivera","https://www.linkedin.com/in/sam-rivera-demo","2026-05-24 16:44:00 UTC","","Let me check with the team and get back to you.","INBOX","","false","false"
"demo-conv-0069","","Theo Lockhart","https://www.linkedin.com/in/theo-lockhart-demo","Sam Rivera","https://www.linkedin.com/in/sam-rivera-demo","2026-05-23 18:27:26 UTC","","Saw your post, great points on activation.","INBOX","","false","false"
"demo-conv-0005","","Sam Rivera","https://www.linkedin.com/in/sam-rivera-demo","Aisha Haddad","https://www.linkedin.com/in/aisha-haddad-demo","2026-05-22 20:09:00 UTC","","That makes sense, thank you.","INBOX","","false","false"
"demo-conv-0034","","Sam Rivera","https://www.linkedin.com/in/sam-rivera-demo","Dev Adeyemi","https://www.linkedin.com/in/dev-adeyemi-demo","2026-05-21 20:01:18 UTC","","Would love to catch up when you are in town.","INBOX","","false","false"
"demo-conv-0016","","Sloane Kowalski","https://www.linkedin.com/in/sloane-kowalski-demo","Sam Rivera","https://www.linkedin.com/in/sam-rivera-demo","2026-05-20 13:08:17 UTC","","Let me check with the team and get back to you.","INBOX","","false","false"
"demo-conv-0086","","Sam Rivera","https://www.linkedin.com/in/sam-rivera-demo","Callum Nakamura","https://www.linkedin.com/in/callum-nakamura-demo","2026-05-20 10:17:15 UTC","","Sending over the doc now.","INBOX","","false","false"
"demo-conv-0010","","Sam Rivera","https://www.linkedin.com/in/sam-rivera-demo","Wesley Marchetti","https://www.linkedin.com/in/wesley-marchetti-demo","2026-05-19 00:53:11 UTC","","Yes, sent it over.","INBOX","","false","false"
"demo-conv-0078","","Sam Rivera","https://www.linkedin.com/in/sam-rivera-demo","Sofia Brennan","https://www.linkedin.com/in/sofia-brennan-demo","2026-05-18 21:11:00 UTC","","Do you have a template for that?","INBOX","","false","false"
"demo-conv-0108","","Sam Rivera","https://www.linkedin.com/in/sam-rivera-demo","Talia Petrov","https://www.linkedin.com/in/talia-petrov-demo","2026-05-18 07:06:51 UTC","","Sure, works for me.","INBOX","","false","false"
"demo-conv-0047","","Sam Rivera","https://www.linkedin.com/in/sam-rivera-demo","Leo Iyer","https://www.linkedin.com/in/leo-iyer-demo","2026-05-18 03:49:25 UTC","","Thanks for the intro last week, that was really helpful.","INBOX","","false","false"
"demo-conv-0069","","Sam Rivera","https://www.linkedin.com/in/sam-rivera-demo","Theo Lockhart","https://www.linkedin.com/in/theo-lockhart-demo","2026-05-15 16:11:40 UTC","","Sure, works for me.","INBOX","","false","false"
"demo-conv-0000","","Sam Rivera","https://www.linkedin.com/in/sam-rivera-demo","Priya Okafor","https://www.linkedin.com/in/priya-okafor-demo","2026-05-13 17:46:00 UTC","","Would love to catch up when you are in town.","INBOX","","false","false"
"demo-conv-0032","","Lucia Abernathy","https://www.linkedin.com/in/lucia-abernathy-demo","Sam Rivera","https://www.linkedin.com/in/sam-rivera-demo","2026-05-13 17:41:03 UTC","","That makes sense, thank you.","INBOX","","false","false"
"demo-conv-0086","","Callum Nakamura","https://www.linkedin.com/in/callum-nakamura-demo","Sam Rivera","https://www.linkedin.com/in/sam-rivera-demo","2026-05-12 23:01:34 UTC","","Quick question about the onboarding flow.","INBOX","","false","false"
"demo-conv-0038","","Felix Grimaldi","https://www.linkedin.com/in/felix-grimaldi-demo","Sam Rivera","https://www.linkedin.com/in/sam-rivera-demo","2026-05-11 17:00:00 UTC","","Do you have a template for that?","INBOX","","false","false"
"demo-conv-0010","","Wesley Marchetti","https://www.linkedin.com/in/wesley-marchetti-demo","Sam Rivera","https://www.linkedin.com/in/sam-rivera-demo","2026-05-09 05:23:37 UTC","","Thanks for the intro last week, that was really helpful.","INBOX","","false","false"
"demo-conv-0108","","Talia Petrov","https://www.linkedin.com/in/talia-petrov-demo","Sam Rivera","https://www.linkedin.com/in/sam-rivera-demo","2026-05-08 19:19:17 UTC","","Would love to catch up when you are in town.","INBOX","","false","false"
"demo-conv-0005","","Sam Rivera","https://www.linkedin.com/in/sam-rivera-demo","Aisha Haddad","https://www.linkedin.com/in/aisha-haddad-demo","2026-05-08 06:12:00 UTC","","Quick question about the onboarding flow.","INBOX","","false","false"
"demo-conv-0069","","Theo Lockhart","https://www.linkedin.com/in/theo-lockhart-demo","Sam Rivera","https://www.linkedin.com/in/sam-rivera-demo","2026-05-07 01:52:54 UTC","","Sending over the doc now.","INBOX","","false","false"
"demo-conv-0086","","Sam Rivera","https://www.linkedin.com/in/sam-rivera-demo","Callum Nakamura","https://www.linkedin.com/in/callum-nakamura-demo","2026-05-05 04:45:53 UTC","","Following up on this.","INBOX","","false","false"
"demo-conv-0022","","Kofi Okafor","https://www.linkedin.com/in/kofi-okafor-demo","Sam Rivera","https://www.linkedin.com/in/sam-rivera-demo","2026-05-03 19:09:00 UTC","","That makes sense, thank you.","INBOX","","false","false"
"demo-conv-0000","","Priya Okafor","https://www.linkedin.com/in/priya-okafor-demo","Sam Rivera","https://www.linkedin.com/in/sam-rivera-demo","2026-05-02 20:56:00 UTC","","Ha, exactly.","INBOX","","false","false"
"demo-conv-0010","","Sam Rivera","https://www.linkedin.com/in/sam-rivera-demo","Wesley Marchetti","https://www.linkedin.com/in/wesley-marchetti-demo","2026-04-29 06:05:04 UTC","","Congrats on the launch!","INBOX","","false","false"
"demo-conv-0108","","Sam Rivera","https://www.linkedin.com/in/sam-rivera-demo","Talia Petrov","https://www.linkedin.com/in/talia-petrov-demo","2026-04-29 04:14:42 UTC","","Congrats on the launch!","INBOX","","false","false"
"demo-conv-0034","","Dev Adeyemi","https://www.linkedin.com/in/dev-adeyemi-demo","Sam Rivera","https://www.linkedin.com/in/sam-rivera-demo","2026-04-28 18:13:57 UTC","","Saw your post, great points on activation.","INBOX","","false","false"
"demo-conv-0069","","Sam Rivera","https://www.linkedin.com/in/sam-rivera-demo","Theo Lockhart","https://www.linkedin.com/in/theo-lockhart-demo","2026-04-28 15:51:09 UTC","","Do you have a template for that?","INBOX","","false","false"
"demo-conv-0086","","Callum Nakamura","https://www.linkedin.com/in/callum-nakamura-demo","Sam Rivera","https://www.linkedin.com/in/sam-rivera-demo","2026-04-27 13:29:12 UTC","","Let me check with the team and get back to you.","INBOX","","false","false"
"demo-conv-0032","","Sam Rivera","https://www.linkedin.com/in/sam-rivera-demo","Lucia Abernathy","https://www.linkedin.com/in/lucia-abernathy-demo","2026-04-25 12:05:34 UTC","","Do you have a template for that?","INBOX","","false","false"
"demo-conv-0009","","Sam Rivera","https://www.linkedin.com/in/sam-rivera-demo","Hana Kowalski","https://www.linkedin.com/in/hana-kowalski-demo","2026-04-25 09:54:32 UTC","","Are you around for a call Thursday?","INBOX","","false","false"
"demo-conv-0005","","Aisha Haddad","https://www.linkedin.com/in/aisha-haddad-demo","Sam Rivera","https://www.linkedin.com/in/sam-rivera-demo","2026-04-23 18:03:00 UTC","","Quick question about the onboarding flow.","INBOX","","false","false"
"demo-conv-0000","","Sam Rivera","https://www.linkedin.com/in/sam-rivera-demo","Priya Okafor","https://www.linkedin.com/in/priya-okafor-demo","2026-04-21 19:02:00 UTC","","Yes, sent it over.","INBOX","","false","false"
"demo-conv-0069","","Theo Lockhart","https://www.linkedin.com/in/theo-lockhart-demo","Sam Rivera","https://www.linkedin.com/in/sam-rivera-demo","2026-04-20 12:42:23 UTC","","Yes, sent it over.","INBOX","","false","false"
"demo-conv-0078","","Sofia Brennan","https://www.linkedin.com/in/sofia-brennan-demo","Sam Rivera","https://www.linkedin.com/in/sam-rivera-demo","2026-04-20 02:10:00 UTC","","Sending over the doc now.","INBOX","","false","false"
"demo-conv-0086","","Callum Nakamura","https://www.linkedin.com/in/callum-nakamura-demo","Sam Rivera","https://www.linkedin.com/in/sam-rivera-demo","2026-04-19 23:51:31 UTC","","Appreciate it!","INBOX","","false","false"
"demo-conv-0108","","Talia Petrov","https://www.linkedin.com/in/talia-petrov-demo","Sam Rivera","https://www.linkedin.com/in/sam-rivera-demo","2026-04-19 13:52:08 UTC","","Would love to catch up when you are in town.","INBOX","","false","false"
"demo-conv-0010","","Wesley Marchetti","https://www.linkedin.com/in/wesley-marchetti-demo","Sam Rivera","https://www.linkedin.com/in/sam-rivera-demo","2026-04-19 06:37:30 UTC","","Would love to catch up when you are in town.","INBOX","","false","false"
"demo-conv-0104","","Farah Petrov","https://www.linkedin.com/in/farah-petrov-demo","Sam Rivera","https://www.linkedin.com/in/sam-rivera-demo","2026-04-17 12:05:00 UTC","","Sure, works for me.","INBOX","","false","false"
"demo-conv-0077","","Sam Rivera","https://www.linkedin.com/in/sam-rivera-demo","Sloane Castellano","https://www.linkedin.com/in/sloane-castellano-demo","2026-04-16 15:32:00 UTC","","Appreciate it!","INBOX","","false","false"
"demo-conv-0117","","Sam Rivera","https://www.linkedin.com/in/sam-rivera-demo","Jonas Grimaldi","https://www.linkedin.com/in/jonas-grimaldi-demo","2026-04-16 15:11:00 UTC","","Would love to catch up when you are in town.","INBOX","","false","false"
"demo-conv-0022","","Sam Rivera","https://www.linkedin.com/in/sam-rivera-demo","Kofi Okafor","https://www.linkedin.com/in/kofi-okafor-demo","2026-04-14 18:02:00 UTC","","Congrats on the launch!","INBOX","","false","false"
"demo-conv-0047","","Sam Rivera","https://www.linkedin.com/in/sam-rivera-demo","Leo Iyer","https://www.linkedin.com/in/leo-iyer-demo","2026-04-14 02:00:51 UTC","","That makes sense, thank you.","INBOX","","false","false"
"demo-conv-0016","","Sam Rivera","https://www.linkedin.com/in/sam-rivera-demo","Sloane Kowalski","https://www.linkedin.com/in/sloane-kowalski-demo","2026-04-12 17:07:34 UTC","","Saw your post, great points on activation.","INBOX","","false","false"
"demo-conv-0086","","Callum Nakamura","https://www.linkedin.com/in/callum-nakamura-demo","Sam Rivera","https://www.linkedin.com/in/sam-rivera-demo","2026-04-12 13:10:50 UTC","","Quick question about the onboarding flow.","INBOX","","false","false"
"demo-conv-0069","","Sam Rivera","https://www.linkedin.com/in/sam-rivera-demo","Theo Lockhart","https://www.linkedin.com/in/theo-lockhart-demo","2026-04-12 02:38:37 UTC","","Appreciate it!","INBOX","","false","false"
"demo-conv-0000","","Priya Okafor","https://www.linkedin.com/in/priya-okafor-demo","Sam Rivera","https://www.linkedin.com/in/sam-rivera-demo","2026-04-10 21:43:00 UTC","","Thanks for the intro last week, that was really helpful.","INBOX","","false","false"
"demo-conv-0108","","Sam Rivera","https://www.linkedin.com/in/sam-rivera-demo","Talia Petrov","https://www.linkedin.com/in/talia-petrov-demo","2026-04-10 00:36:34 UTC","","Ha, exactly.","INBOX","","false","false"
"demo-conv-0010","","Wesley Marchetti","https://www.linkedin.com/in/wesley-marchetti-demo","Sam Rivera","https://www.linkedin.com/in/sam-rivera-demo","2026-04-09 13:48:56 UTC","","Would love to catch up when you are in town.","INBOX","","false","false"
"demo-conv-0005","","Sam Rivera","https://www.linkedin.com/in/sam-rivera-demo","Aisha Haddad","https://www.linkedin.com/in/aisha-haddad-demo","2026-04-08 21:50:00 UTC","","Saw your post, great points on activation.","INBOX","","false","false"
"demo-conv-0032","","Lucia Abernathy","https://www.linkedin.com/in/lucia-abernathy-demo","Sam Rivera","https://www.linkedin.com/in/sam-rivera-demo","2026-04-07 11:50:05 UTC","","Are you around for a call Thursday?","INBOX","","false","false"
"demo-conv-0034","","Sam Rivera","https://www.linkedin.com/in/sam-rivera-demo","Dev Adeyemi","https://www.linkedin.com/in/dev-adeyemi-demo","2026-04-05 18:37:37 UTC","","Are you around for a call Thursday?","INBOX","","false","false"
"demo-conv-0086","","Sam Rivera","https://www.linkedin.com/in/sam-rivera-demo","Callum Nakamura","https://www.linkedin.com/in/callum-nakamura-demo","2026-04-05 02:31:09 UTC","","Ha, exactly.","INBOX","","false","false"
"demo-conv-0069","","Theo Lockhart","https://www.linkedin.com/in/theo-lockhart-demo","Sam Rivera","https://www.linkedin.com/in/sam-rivera-demo","2026-04-03 16:55:52 UTC","","Saw your post, great points on activation.","INBOX","","false","false"
"demo-conv-0108","","Talia Petrov","https://www.linkedin.com/in/talia-petrov-demo","Sam Rivera","https://www.linkedin.com/in/sam-rivera-demo","2026-03-31 14:25:00 UTC","","Are you around for a call Thursday?","INBOX","","false","false"
"demo-conv-0010","","Wesley Marchetti","https://www.linkedin.com/in/wesley-marchetti-demo","Sam Rivera","https://www.linkedin.com/in/sam-rivera-demo","2026-03-30 17:43:22 UTC","","Thanks for the intro last week, that was really helpful.","INBOX","","false","false"
"demo-conv-0000","","Sam Rivera","https://www.linkedin.com/in/sam-rivera-demo","Priya Okafor","https://www.linkedin.com/in/priya-okafor-demo","2026-03-30 17:26:00 UTC","","Ha, exactly.","INBOX","","false","false"
"demo-conv-0086","","Callum Nakamura","https://www.linkedin.com/in/callum-nakamura-demo","Sam Rivera","https://www.linkedin.com/in/sam-rivera-demo","2026-03-28 04:10:28 UTC","","Sending over the doc now.","INBOX","","false","false"
"demo-conv-0022","","Kofi Okafor","https://www.linkedin.com/in/kofi-okafor-demo","Sam Rivera","https://www.linkedin.com/in/sam-rivera-demo","2026-03-26 17:19:00 UTC","","Let me check with the team and get back to you.","INBOX","","false","false"
"demo-conv-0069","","Theo Lockhart","https://www.linkedin.com/in/theo-lockhart-demo","Sam Rivera","https://www.linkedin.com/in/sam-rivera-demo","2026-03-26 13:13:06 UTC","","Yes, sent it over.","INBOX","","false","false"
"demo-conv-0005","","Aisha Haddad","https://www.linkedin.com/in/aisha-haddad-demo","Sam Rivera","https://www.linkedin.com/in/sam-rivera-demo","2026-03-25 03:56:00 UTC","","Ha, exactly.","INBOX","","false","false"
"demo-conv-0009","","Hana Kowalski","https://www.linkedin.com/in/hana-kowalski-demo","Sam Rivera","https://www.linkedin.com/in/sam-rivera-demo","2026-03-24 01:04:18 UTC","","Quick question about the onboarding flow.","INBOX","","false","false"
"demo-conv-0104","","Farah Petrov","https://www.linkedin.com/in/farah-petrov-demo","Sam Rivera","https://www.linkedin.com/in/sam-rivera-demo","2026-03-23 21:39:00 UTC","","Do you have a template for that?","INBOX","","false","false"
"demo-conv-0078","","Sam Rivera","https://www.linkedin.com/in/sam-rivera-demo","Sofia Brennan","https://www.linkedin.com/in/sofia-brennan-demo","2026-03-22 12:18:00 UTC","","Do you have a template for that?","INBOX","","false","false"
"demo-conv-0108","","Sam Rivera","https://www.linkedin.com/in/sam-rivera-demo","Talia Petrov","https://www.linkedin.com/in/talia-petrov-demo","2026-03-22 00:49:25 UTC","","Sending over the doc now.","INBOX","","false","false"
"demo-conv-0086","","Sam Rivera","https://www.linkedin.com/in/sam-rivera-demo","Callum Nakamura","https://www.linkedin.com/in/callum-nakamura-demo","2026-03-20 13:43:47 UTC","","Congrats on the launch!","INBOX","","false","false"
"demo-conv-0010","","Sam Rivera","https://www.linkedin.com/in/sam-rivera-demo","Wesley Marchetti","https://www.linkedin.com/in/wesley-marchetti-demo","2026-03-20 12:48:49 UTC","","Thanks for the intro last week, that was really helpful.","INBOX","","false","false"
"demo-conv-0032","","Sam Rivera","https://www.linkedin.com/in/sam-rivera-demo","Lucia Abernathy","https://www.linkedin.com/in/lucia-abernathy-demo","2026-03-20 00:05:36 UTC","","Saw your post, great points on activation.","INBOX","","false","false"
"demo-conv-0000","","Priya Okafor","https://www.linkedin.com/in/priya-okafor-demo","Sam Rivera","https://www.linkedin.com/in/sam-rivera-demo","2026-03-19 14:58:00 UTC","","Congrats on the launch!","INBOX","","false","false"
"demo-conv-0069","","Theo Lockhart","https://www.linkedin.com/in/theo-lockhart-demo","Sam Rivera","https://www.linkedin.com/in/sam-rivera-demo","2026-03-18 02:37:20 UTC","","Congrats on the launch!","INBOX","","false","false"
"demo-conv-0117","","Jonas Grimaldi","https://www.linkedin.com/in/jonas-grimaldi-demo","Sam Rivera","https://www.linkedin.com/in/sam-rivera-demo","2026-03-17 09:08:42 UTC","","Ha, exactly.","INBOX","","false","false"
"demo-conv-0038","","Sam Rivera","https://www.linkedin.com/in/sam-rivera-demo","Felix Grimaldi","https://www.linkedin.com/in/felix-grimaldi-demo","2026-03-15 14:43:10 UTC","","Yes, sent it over.","INBOX","","false","false"
"demo-conv-0034","","Dev Adeyemi","https://www.linkedin.com/in/dev-adeyemi-demo","Sam Rivera","https://www.linkedin.com/in/sam-rivera-demo","2026-03-13 16:20:16 UTC","","Quick question about the onboarding flow.","INBOX","","false","false"
"demo-conv-0086","","Callum Nakamura","https://www.linkedin.com/in/callum-nakamura-demo","Sam Rivera","https://www.linkedin.com/in/sam-rivera-demo","2026-03-13 03:15:06 UTC","","Congrats on the launch!","INBOX","","false","false"
"demo-conv-0108","","Talia Petrov","https://www.linkedin.com/in/talia-petrov-demo","Sam Rivera","https://www.linkedin.com/in/sam-rivera-demo","2026-03-12 10:01:51 UTC","","Let me check with the team and get back to you.","INBOX","","false","false"
"demo-conv-0047","","Sam Rivera","https://www.linkedin.com/in/sam-rivera-demo","Leo Iyer","https://www.linkedin.com/in/leo-iyer-demo","2026-03-11 16:27:17 UTC","","Are you around for a call Thursday?","INBOX","","false","false"
"demo-conv-0010","","Sam Rivera","https://www.linkedin.com/in/sam-rivera-demo","Wesley Marchetti","https://www.linkedin.com/in/wesley-marchetti-demo","2026-03-10 20:58:15 UTC","","Ha, exactly.","INBOX","","false","false"
"demo-conv-0120","","Sam Rivera","https://www.linkedin.com/in/sam-rivera-demo","Greta Osei","https://www.linkedin.com/in/greta-osei-demo","2026-03-10 20:46:00 UTC","","Would love to catch up when you are in town.","INBOX","","false","false"
"demo-conv-0005","","Sam Rivera","https://www.linkedin.com/in/sam-rivera-demo","Aisha Haddad","https://www.linkedin.com/in/aisha-haddad-demo","2026-03-10 12:31:00 UTC","","Sending over the doc now.","INBOX","","false","false"
"demo-conv-0069","","Sam Rivera","https://www.linkedin.com/in/sam-rivera-demo","Theo Lockhart","https://www.linkedin.com/in/theo-lockhart-demo","2026-03-10 00:08:35 UTC","","Do you have a template for that?","INBOX","","false","false"
"demo-conv-0000","","Sam Rivera","https://www.linkedin.com/in/sam-rivera-demo","Priya Okafor","https://www.linkedin.com/in/priya-okafor-demo","2026-03-08 21:20:00 UTC","","Congrats on the launch!","INBOX","","false","false"
"demo-conv-0022","","Kofi Okafor","https://www.linkedin.com/in/kofi-okafor-demo","Sam Rivera","https://www.linkedin.com/in/sam-rivera-demo","2026-03-08 02:45:00 UTC","","Do you have a template for that?","INBOX","","false","false"
"demo-conv-0016","","Sloane Kowalski","https://www.linkedin.com/in/sloane-kowalski-demo","Sam Rivera","https://www.linkedin.com/in/sam-rivera-demo","2026-03-05 22:15:51 UTC","","Quick question about the onboarding flow.","INBOX","","false","false"
"demo-conv-0086","","Sam Rivera","https://www.linkedin.com/in/sam-rivera-demo","Callum Nakamura","https://www.linkedin.com/in/callum-nakamura-demo","2026-03-05 15:39:25 UTC","","Do you have a template for that?","INBOX","","false","false"
"demo-conv-0108","","Sam Rivera","https://www.linkedin.com/in/sam-rivera-demo","Talia Petrov","https://www.linkedin.com/in/talia-petrov-demo","2026-03-02 14:59:17 UTC","","Are you around for a call Thursday?","INBOX","","false","false"
"demo-conv-0032","","Lucia Abernathy","https://www.linkedin.com/in/lucia-abernathy-demo","Sam Rivera","https://www.linkedin.com/in/sam-rivera-demo","2026-03-01 20:37:07 UTC","","Saw your post, great points on activation.","INBOX","","false","false"
"demo-conv-0069","","Theo Lockhart","https://www.linkedin.com/in/theo-lockhart-demo","Sam Rivera","https://www.linkedin.com/in/sam-rivera-demo","2026-03-01 17:32:49 UTC","","Following up on this.","INBOX","","false","false"
"demo-conv-0010","","Sam Rivera","https://www.linkedin.com/in/sam-rivera-demo","Wesley Marchetti","https://www.linkedin.com/in/wesley-marchetti-demo","2026-03-01 00:52:41 UTC","","Sure, works for me.","INBOX","","false","false"
"demo-conv-0077","","Sloane Castellano","https://www.linkedin.com/in/sloane-castellano-demo","Sam Rivera","https://www.linkedin.com/in/sam-rivera-demo","2026-02-27 22:27:00 UTC","","Congrats on the launch!","INBOX","","false","false"
"demo-conv-0104","","Farah Petrov","https://www.linkedin.com/in/farah-petrov-demo","Sam Rivera","https://www.linkedin.com/in/sam-rivera-demo","2026-02-26 23:56:00 UTC","","Quick question about the onboarding flow.","INBOX","","false","false"
"demo-conv-0086","","Callum Nakamura","https://www.linkedin.com/in/callum-nakamura-demo","Sam Rivera","https://www.linkedin.com/in/sam-rivera-demo","2026-02-26 03:41:44 UTC","","Appreciate it!","INBOX","","false","false"
"demo-conv-0000","","Sam Rivera","https://www.linkedin.com/in/sam-rivera-demo","Priya Okafor","https://www.linkedin.com/in/priya-okafor-demo","2026-02-25 17:40:00 UTC","","Are you around for a call Thursday?","INBOX","","false","false"
"demo-conv-0097","","Amara Iyer","https://www.linkedin.com/in/amara-iyer-demo","Sam Rivera","https://www.linkedin.com/in/sam-rivera-demo","2026-02-24 14:03:00 UTC","","Sure, works for me.","INBOX","","false","false"
"demo-conv-0005","","Aisha Haddad","https://www.linkedin.com/in/aisha-haddad-demo","Sam Rivera","https://www.linkedin.com/in/sam-rivera-demo","2026-02-23 15:33:00 UTC","","Sending over the doc now.","INBOX","","false","false"
"demo-conv-0078","","Sofia Brennan","https://www.linkedin.com/in/sofia-brennan-demo","Sam Rivera","https://www.linkedin.com/in/sam-rivera-demo","2026-02-21 20:49:00 UTC","","Are you around for a call Thursday?","INBOX","","false","false"
"demo-conv-0069","","Sam Rivera","https://www.linkedin.com/in/sam-rivera-demo","Theo Lockhart","https://www.linkedin.com/in/theo-lockhart-demo","2026-02-21 08:00:03 UTC","","Yes, sent it over.","INBOX","","false","false"
"demo-conv-0108","","Talia Petrov","https://www.linkedin.com/in/talia-petrov-demo","Sam Rivera","https://www.linkedin.com/in/sam-rivera-demo","2026-02-21 01:34:42 UTC","","Congrats on the launch!","INBOX","","false","false"
"demo-conv-0009","","Sam Rivera","https://www.linkedin.com/in/sam-rivera-demo","Hana Kowalski","https://www.linkedin.com/in/hana-kowalski-demo","2026-02-20 02:47:04 UTC","","Following up on this.","INBOX","","false","false"
"demo-conv-0010","","Wesley Marchetti","https://www.linkedin.com/in/wesley-marchetti-demo","Sam Rivera","https://www.linkedin.com/in/sam-rivera-demo","2026-02-18 21:33:08 UTC","","Sending over the doc now.","INBOX","","false","false"
"demo-conv-0034","","Dev Adeyemi","https://www.linkedin.com/in/dev-adeyemi-demo","Sam Rivera","https://www.linkedin.com/in/sam-rivera-demo","2026-02-18 21:01:55 UTC","","Quick question about the onboarding flow.","INBOX","","false","false"
"demo-conv-0086","","Sam Rivera","https://www.linkedin.com/in/sam-rivera-demo","Callum Nakamura","https://www.linkedin.com/in/callum-nakamura-demo","2026-02-18 07:56:03 UTC","","Sure, works for me.","INBOX","","false","false"
"demo-conv-0022","","Kofi Okafor","https://www.linkedin.com/in/kofi-okafor-demo","Sam Rivera","https://www.linkedin.com/in/sam-rivera-demo","2026-02-17 01:35:00 UTC","","Do you have a template for that?","INBOX","","false","false"
"demo-conv-0008","","Diego Adeyemi","https://www.linkedin.com/in/diego-adeyemi-demo","Sam Rivera","https://www.linkedin.com/in/sam-rivera-demo","2026-02-16 13:06:00 UTC","","Sending over the doc now.","INBOX","","false","false"
"demo-conv-0117","","Jonas Grimaldi","https://www.linkedin.com/in/jonas-grimaldi-demo","Sam Rivera","https://www.linkedin.com/in/sam-rivera-demo","2026-02-15 01:34:25 UTC","","Ha, exactly.","INBOX","","false","false"
"demo-conv-0000","","Sam Rivera","https://www.linkedin.com/in/sam-rivera-demo","Priya Okafor","https://www.linkedin.com/in/priya-okafor-demo","2026-02-14 20:29:00 UTC","","Would love to catch up when you are in town.","INBOX","","false","false"
"demo-conv-0069","","Sam Rivera","https://www.linkedin.com/in/sam-rivera-demo","Theo Lockhart","https://www.linkedin.com/in/theo-lockhart-demo","2026-02-12 20:37:18 UTC","","Let me check with the team and get back to you.","INBOX","","false","false"
"demo-conv-0108","","Sam Rivera","https://www.linkedin.com/in/sam-rivera-demo","Talia Petrov","https://www.linkedin.com/in/talia-petrov-demo","2026-02-11 14:57:08 UTC","","Ha, exactly.","INBOX","","false","false"
"demo-conv-0032","","Sam Rivera","https://www.linkedin.com/in/sam-rivera-demo","Lucia Abernathy","https://www.linkedin.com/in/lucia-abernathy-demo","2026-02-11 13:52:38 UTC","","Ha, exactly.","INBOX","","false","false"
"demo-conv-0086","","Callum Nakamura","https://www.linkedin.com/in/callum-nakamura-demo","Sam Rivera","https://www.linkedin.com/in/sam-rivera-demo","2026-02-11 00:42:22 UTC","","Ha, exactly.","INBOX","","false","false"
"demo-conv-0005","","Sam Rivera","https://www.linkedin.com/in/sam-rivera-demo","Aisha Haddad","https://www.linkedin.com/in/aisha-haddad-demo","2026-02-09 02:35:00 UTC","","Sure, works for me.","INBOX","","false","false"
"demo-conv-0010","","Sam Rivera","https://www.linkedin.com/in/sam-rivera-demo","Wesley Marchetti","https://www.linkedin.com/in/wesley-marchetti-demo","2026-02-08 22:08:34 UTC","","Sure, works for me.","INBOX","","false","false"
"demo-conv-0047","","Leo Iyer","https://www.linkedin.com/in/leo-iyer-demo","Sam Rivera","https://www.linkedin.com/in/sam-rivera-demo","2026-02-05 19:17:42 UTC","","Saw your post, great points on activation.","INBOX","","false","false"
"demo-conv-0069","","Sam Rivera","https://www.linkedin.com/in/sam-rivera-demo","Theo Lockhart","https://www.linkedin.com/in/theo-lockhart-demo","2026-02-04 18:38:32 UTC","","Quick question about the onboarding flow.","INBOX","","false","false"
"demo-conv-0000","","Priya Okafor","https://www.linkedin.com/in/priya-okafor-demo","Sam Rivera","https://www.linkedin.com/in/sam-rivera-demo","2026-02-03 14:45:00 UTC","","Sure, works for me.","INBOX","","false","false"
"demo-conv-0086","","Sam Rivera","https://www.linkedin.com/in/sam-rivera-demo","Callum Nakamura","https://www.linkedin.com/in/callum-nakamura-demo","2026-02-03 09:37:41 UTC","","Let me check with the team and get back to you.","INBOX","","false","false"
"demo-conv-0104","","Sam Rivera","https://www.linkedin.com/in/sam-rivera-demo","Farah Petrov","https://www.linkedin.com/in/farah-petrov-demo","2026-02-02 05:12:00 UTC","","Are you around for a call Thursday?","INBOX","","false","false"
"demo-conv-0108","","Talia Petrov","https://www.linkedin.com/in/talia-petrov-demo","Sam Rivera","https://www.linkedin.com/in/sam-rivera-demo","2026-02-02 01:45:34 UTC","","Appreciate it!","INBOX","","false","false"
"demo-conv-0097","","Amara Iyer","https://www.linkedin.com/in/amara-iyer-demo","Sam Rivera","https://www.linkedin.com/in/sam-rivera-demo","2026-02-01 11:24:00 UTC","","Congrats on the launch!","INBOX","","false","false"
"demo-conv-0010","","Wesley Marchetti","https://www.linkedin.com/in/wesley-marchetti-demo","Sam Rivera","https://www.linkedin.com/in/sam-rivera-demo","2026-01-30 01:14:00 UTC","","Appreciate it!","INBOX","","false","false"
"demo-conv-0022","","Sam Rivera","https://www.linkedin.com/in/sam-rivera-demo","Kofi Okafor","https://www.linkedin.com/in/kofi-okafor-demo","2026-01-29 03:20:00 UTC","","Saw your post, great points on activation.","INBOX","","false","false"
"demo-conv-group","Offsite planning","Sam Rivera","https://www.linkedin.com/in/sam-rivera-demo","Priya Okafor,Hana Kowalski","https://www.linkedin.com/in/priya-okafor-demo,https://www.linkedin.com/in/hana-kowalski-demo","2026-01-27 12:00:00 UTC","","Who is bringing the projector?","INBOX","","false","false"
"demo-conv-0069","","Theo Lockhart","https://www.linkedin.com/in/theo-lockhart-demo","Sam Rivera","https://www.linkedin.com/in/sam-rivera-demo","2026-01-27 09:52:46 UTC","","That makes sense, thank you.","INBOX","","false","false"
"demo-conv-0034","","Dev Adeyemi","https://www.linkedin.com/in/dev-adeyemi-demo","Sam Rivera","https://www.linkedin.com/in/sam-rivera-demo","2026-01-27 01:59:35 UTC","","Would love to catch up when you are in town.","INBOX","","false","false"
"demo-conv-0016","","Sam Rivera","https://www.linkedin.com/in/sam-rivera-demo","Sloane Kowalski","https://www.linkedin.com/in/sloane-kowalski-demo","2026-01-26 18:46:08 UTC","","Sure, works for me.","INBOX","","false","false"
"demo-conv-0086","","Callum Nakamura","https://www.linkedin.com/in/callum-nakamura-demo","Sam Rivera","https://www.linkedin.com/in/sam-rivera-demo","2026-01-26 17:16:00 UTC","","Sure, works for me.","INBOX","","false","false"
"demo-conv-0005","","Aisha Haddad","https://www.linkedin.com/in/aisha-haddad-demo","Sam Rivera","https://www.linkedin.com/in/sam-rivera-demo","2026-01-25 11:33:00 UTC","","Appreciate it!","INBOX","","false","false"
"demo-conv-0032","","Lucia Abernathy","https://www.linkedin.com/in/lucia-abernathy-demo","Sam Rivera","https://www.linkedin.com/in/sam-rivera-demo","2026-01-24 07:26:09 UTC","","Quick question about the onboarding flow.","INBOX","","false","false"
"demo-conv-0078","","Sofia Brennan","https://www.linkedin.com/in/sofia-brennan-demo","Sam Rivera","https://www.linkedin.com/in/sam-rivera-demo","2026-01-24 02:52:00 UTC","","Would love to catch up when you are in town.","INBOX","","false","false"
"demo-conv-0000","","Sam Rivera","https://www.linkedin.com/in/sam-rivera-demo","Priya Okafor","https://www.linkedin.com/in/priya-okafor-demo","2026-01-23 18:43:00 UTC","","Do you have a template for that?","INBOX","","false","false"
"demo-conv-0042","","Sam Rivera","https://www.linkedin.com/in/sam-rivera-demo","Rafael Iyer","https://www.linkedin.com/in/rafael-iyer-demo","2026-01-23 12:04:00 UTC","","Quick question about the onboarding flow.","INBOX","","false","false"
"demo-conv-0108","","Sam Rivera","https://www.linkedin.com/in/sam-rivera-demo","Talia Petrov","https://www.linkedin.com/in/talia-petrov-demo","2026-01-23 08:42:00 UTC","","Would love to catch up when you are in town.","INBOX","","false","false"
"demo-conv-0120","","Greta Osei","https://www.linkedin.com/in/greta-osei-demo","Sam Rivera","https://www.linkedin.com/in/sam-rivera-demo","2026-01-21 10:19:00 UTC","","Congrats on the launch!","INBOX","","false","false"
"demo-conv-0010","","Sam Rivera","https://www.linkedin.com/in/sam-rivera-demo","Wesley Marchetti","https://www.linkedin.com/in/wesley-marchetti-demo","2026-01-20 01:05:26 UTC","","Sending over the doc now.","INBOX","","false","false"
"demo-conv-0086","","Sam Rivera","https://www.linkedin.com/in/sam-rivera-demo","Callum Nakamura","https://www.linkedin.com/in/callum-nakamura-demo","2026-01-19 02:30:18 UTC","","Thanks for the intro last week, that was really helpful.","INBOX","","false","false"
"demo-conv-0069","","Sam Rivera","https://www.linkedin.com/in/sam-rivera-demo","Theo Lockhart","https://www.linkedin.com/in/theo-lockhart-demo","2026-01-18 23:17:01 UTC","","Following up on this.","INBOX","","false","false"
"demo-conv-0009","","Hana Kowalski","https://www.linkedin.com/in/hana-kowalski-demo","Sam Rivera","https://www.linkedin.com/in/sam-rivera-demo","2026-01-18 22:07:50 UTC","","Thanks for the intro last week, that was really helpful.","INBOX","","false","false"
"demo-conv-0038","","Sam Rivera","https://www.linkedin.com/in/sam-rivera-demo","Felix Grimaldi","https://www.linkedin.com/in/felix-grimaldi-demo","2026-01-17 07:20:21 UTC","","Ha, exactly.","INBOX","","false","false"
"demo-conv-0117","","Jonas Grimaldi","https://www.linkedin.com/in/jonas-grimaldi-demo","Sam Rivera","https://www.linkedin.com/in/sam-rivera-demo","2026-01-15 19:35:08 UTC","","Let me check with the team and get back to you.","INBOX","","false","false"
"demo-conv-0008","","Sam Rivera","https://www.linkedin.com/in/sam-rivera-demo","Diego Adeyemi","https://www.linkedin.com/in/diego-adeyemi-demo","2026-01-14 00:58:44 UTC","","Yes, sent it over.","INBOX","","false","false"
"demo-conv-0108","","Talia Petrov","https://www.linkedin.com/in/talia-petrov-demo","Sam Rivera","https://www.linkedin.com/in/sam-rivera-demo","2026-01-13 22:25:25 UTC","","Sure, works for me.","INBOX","","false","false"
"demo-conv-0000","","Priya Okafor","https://www.linkedin.com/in/priya-okafor-demo","Sam Rivera","https://www.linkedin.com/in/sam-rivera-demo","2026-01-12 17:08:00 UTC","","Do you have a template for that?","INBOX","","false","false"
"demo-conv-0086","","Callum Nakamura","https://www.linkedin.com/in/callum-nakamura-demo","Sam Rivera","https://www.linkedin.com/in/sam-rivera-demo","2026-01-11 18:00:37 UTC","","Yes, sent it over.","INBOX","","false","false"
"demo-conv-0077","","Sloane Castellano","https://www.linkedin.com/in/sloane-castellano-demo","Sam Rivera","https://www.linkedin.com/in/sam-rivera-demo","2026-01-11 10:23:00 UTC","","Congrats on the launch!","INBOX","","false","false"
"demo-conv-0005","","Sam Rivera","https://www.linkedin.com/in/sam-rivera-demo","Aisha Haddad","https://www.linkedin.com/in/aisha-haddad-demo","2026-01-10 17:46:00 UTC","","Let me check with the team and get back to you.","INBOX","","false","false"
"demo-conv-0069","","Theo Lockhart","https://www.linkedin.com/in/theo-lockhart-demo","Sam Rivera","https://www.linkedin.com/in/sam-rivera-demo","2026-01-10 12:54:15 UTC","","Congrats on the launch!","INBOX","","false","false"
"demo-conv-0010","","Wesley Marchetti","https://www.linkedin.com/in/wesley-marchetti-demo","Sam Rivera","https://www.linkedin.com/in/sam-rivera-demo","2026-01-10 02:49:53 UTC","","Sure, works for me.","INBOX","","false","false"
"demo-conv-0022","","Kofi Okafor","https://www.linkedin.com/in/kofi-okafor-demo","Sam Rivera","https://www.linkedin.com/in/sam-rivera-demo","2026-01-09 21:41:00 UTC","","Quick question about the onboarding flow.","INBOX","","false","false"
"demo-conv-0097","","Sam Rivera","https://www.linkedin.com/in/sam-rivera-demo","Amara Iyer","https://www.linkedin.com/in/amara-iyer-demo","2026-01-09 01:47:00 UTC","","Thanks for the intro last week, that was really helpful.","INBOX","","false","false"
"demo-conv-0104","","Farah Petrov","https://www.linkedin.com/in/farah-petrov-demo","Sam Rivera","https://www.linkedin.com/in/sam-rivera-demo","2026-01-08 03:15:00 UTC","","Let me check with the team and get back to you.","INBOX","","false","false"
"demo-conv-0032","","Sam Rivera","https://www.linkedin.com/in/sam-rivera-demo","Lucia Abernathy","https://www.linkedin.com/in/lucia-abernathy-demo","2026-01-06 06:18:40 UTC","","Thanks for the intro last week, that was really helpful.","INBOX","","false","false"
"demo-conv-0108","","Sam Rivera","https://www.linkedin.com/in/sam-rivera-demo","Talia Petrov","https://www.linkedin.com/in/talia-petrov-demo","2026-01-04 04:53:51 UTC","","Ha, exactly.","INBOX","","false","false"
"demo-conv-0086","","Sam Rivera","https://www.linkedin.com/in/sam-rivera-demo","Callum Nakamura","https://www.linkedin.com/in/callum-nakamura-demo","2026-01-04 03:46:56 UTC","","Saw your post, great points on activation.","INBOX","","false","false"
"demo-conv-0034","","Sam Rivera","https://www.linkedin.com/in/sam-rivera-demo","Dev Adeyemi","https://www.linkedin.com/in/dev-adeyemi-demo","2026-01-03 23:00:14 UTC","","Let me check with the team and get back to you.","INBOX","","false","false"
"demo-conv-0047","","Sam Rivera","https://www.linkedin.com/in/sam-rivera-demo","Leo Iyer","https://www.linkedin.com/in/leo-iyer-demo","2026-01-03 00:37:08 UTC","","Sending over the doc now.","INBOX","","false","false"
"demo-conv-0069","","Theo Lockhart","https://www.linkedin.com/in/theo-lockhart-demo","Sam Rivera","https://www.linkedin.com/in/sam-rivera-demo","2026-01-02 10:18:29 UTC","","Sending over the doc now.","INBOX","","false","false"
"demo-conv-0000","","Sam Rivera","https://www.linkedin.com/in/sam-rivera-demo","Priya Okafor","https://www.linkedin.com/in/priya-okafor-demo","2026-01-01 16:26:00 UTC","","Sending over the doc now.","INBOX","","false","false"
"demo-conv-0042","","Rafael Iyer","https://www.linkedin.com/in/rafael-iyer-demo","Sam Rivera","https://www.linkedin.com/in/sam-rivera-demo","2025-12-31 15:20:00 UTC","","Following up on this.","INBOX","","false","false"
"demo-conv-0010","","Sam Rivera","https://www.linkedin.com/in/sam-rivera-demo","Wesley Marchetti","https://www.linkedin.com/in/wesley-marchetti-demo","2025-12-31 13:23:19 UTC","","Quick question about the onboarding flow.","INBOX","","false","false"
"demo-conv-0114","","Jordan Eriksen","https://www.linkedin.com/in/jordan-eriksen-demo","Sam Rivera","https://www.linkedin.com/in/sam-rivera-demo","2025-12-28 17:37:00 UTC","","Do you have a template for that?","INBOX","","false","false"
"demo-conv-0086","","Callum Nakamura","https://www.linkedin.com/in/callum-nakamura-demo","Sam Rivera","https://www.linkedin.com/in/sam-rivera-demo","2025-12-27 11:38:15 UTC","","Do you have a template for that?","INBOX","","false","false"
"demo-conv-0005","","Aisha Haddad","https://www.linkedin.com/in/aisha-haddad-demo","Sam Rivera","https://www.linkedin.com/in/sam-rivera-demo","2025-12-27 01:31:00 UTC","","Thanks for the intro last week, that was really helpful.","INBOX","","false","false"
"demo-conv-0078","","Sofia Brennan","https://www.linkedin.com/in/sofia-brennan-demo","Sam Rivera","https://www.linkedin.com/in/sam-rivera-demo","2025-12-26 04:13:00 UTC","","Do you have a template for that?","INBOX","","false","false"
"demo-conv-0108","","Talia Petrov","https://www.linkedin.com/in/talia-petrov-demo","Sam Rivera","https://www.linkedin.com/in/sam-rivera-demo","2025-12-25 13:40:17 UTC","","Would love to catch up when you are in town.","INBOX","","false","false"
"demo-conv-0069","","Theo Lockhart","https://www.linkedin.com/in/theo-lockhart-demo","Sam Rivera","https://www.linkedin.com/in/sam-rivera-demo","2025-12-24 22:20:44 UTC","","Quick question about the onboarding flow.","INBOX","","false","false"
"demo-conv-0024","","Sam Rivera","https://www.linkedin.com/in/sam-rivera-demo","Petra Quintero","https://www.linkedin.com/in/petra-quintero-demo","2025-12-22 14:05:00 UTC","","Saw your post, great points on activation.","INBOX","","false","false"
"demo-conv-0022","","Sam Rivera","https://www.linkedin.com/in/sam-rivera-demo","Kofi Okafor","https://www.linkedin.com/in/kofi-okafor-demo","2025-12-22 03:35:00 UTC","","That makes sense, thank you.","INBOX","","false","false"
"demo-conv-0000","","Priya Okafor","https://www.linkedin.com/in/priya-okafor-demo","Sam Rivera","https://www.linkedin.com/in/sam-rivera-demo","2025-12-21 16:21:00 UTC","","Do you have a template for that?","INBOX","","false","false"
"demo-conv-0010","","Wesley Marchetti","https://www.linkedin.com/in/wesley-marchetti-demo","Sam Rivera","https://www.linkedin.com/in/sam-rivera-demo","2025-12-21 14:42:45 UTC","","Sure, works for me.","INBOX","","false","false"
"demo-conv-0086","","Sam Rivera","https://www.linkedin.com/in/sam-rivera-demo","Callum Nakamura","https://www.linkedin.com/in/callum-nakamura-demo","2025-12-19 16:03:34 UTC","","Let me check with the team and get back to you.","INBOX","","false","false"
"demo-conv-0016","","Sloane Kowalski","https://www.linkedin.com/in/sloane-kowalski-demo","Sam Rivera","https://www.linkedin.com/in/sam-rivera-demo","2025-12-19 15:16:25 UTC","","Ha, exactly.","INBOX","","false","false"
"demo-conv-0032","","Lucia Abernathy","https://www.linkedin.com/in/lucia-abernathy-demo","Sam Rivera","https://www.linkedin.com/in/sam-rivera-demo","2025-12-19 05:12:11 UTC","","Quick question about the onboarding flow.","INBOX","","false","false"
"demo-conv-0009","","Sam Rivera","https://www.linkedin.com/in/sam-rivera-demo","Hana Kowalski","https://www.linkedin.com/in/hana-kowalski-demo","2025-12-17 17:16:36 UTC","","That makes sense, thank you.","INBOX","","false","false"
"demo-conv-0097","","Amara Iyer","https://www.linkedin.com/in/amara-iyer-demo","Sam Rivera","https://www.linkedin.com/in/sam-rivera-demo","2025-12-16 21:57:00 UTC","","Yes, sent it over.","INBOX","","false","false"
"demo-conv-0069","","Sam Rivera","https://www.linkedin.com/in/sam-rivera-demo","Theo Lockhart","https://www.linkedin.com/in/theo-lockhart-demo","2025-12-16 18:18:58 UTC","","Quick question about the onboarding flow.","INBOX","","false","false"
"demo-conv-0117","","Sam Rivera","https://www.linkedin.com/in/sam-rivera-demo","Jonas Grimaldi","https://www.linkedin.com/in/jonas-grimaldi-demo","2025-12-16 06:48:51 UTC","","Let me check with the team and get back to you.","INBOX","","false","false"
"demo-conv-0108","","Sam Rivera","https://www.linkedin.com/in/sam-rivera-demo","Talia Petrov","https://www.linkedin.com/in/talia-petrov-demo","2025-12-16 00:39:42 UTC","","Let me check with the team and get back to you.","INBOX","","false","false"
"demo-conv-0104","","Farah Petrov","https://www.linkedin.com/in/farah-petrov-demo","Sam Rivera","https://www.linkedin.com/in/sam-rivera-demo","2025-12-14 08:20:00 UTC","","Yes, sent it over.","INBOX","","false","false"
"demo-conv-0005","","Sam Rivera","https://www.linkedin.com/in/sam-rivera-demo","Aisha Haddad","https://www.linkedin.com/in/aisha-haddad-demo","2025-12-12 06:47:00 UTC","","That makes sense, thank you.","INBOX","","false","false"
"demo-conv-0086","","Callum Nakamura","https://www.linkedin.com/in/callum-nakamura-demo","Sam Rivera","https://www.linkedin.com/in/sam-rivera-demo","2025-12-12 03:16:53 UTC","","Sure, works for me.","INBOX","","false","false"
"demo-conv-0034","","Dev Adeyemi","https://www.linkedin.com/in/dev-adeyemi-demo","Sam Rivera","https://www.linkedin.com/in/sam-rivera-demo","2025-12-11 21:13:53 UTC","","Let me check with the team and get back to you.","INBOX","","false","false"
"demo-conv-0010","","Wesley Marchetti","https://www.linkedin.com/in/wesley-marchetti-demo","Sam Rivera","https://www.linkedin.com/in/sam-rivera-demo","2025-12-11 18:53:12 UTC","","Saw your post, great points on activation.","INBOX","","false","false"
"demo-conv-0008","","Diego Adeyemi","https://www.linkedin.com/in/diego-adeyemi-demo","Sam Rivera","https://www.linkedin.com/in/sam-rivera-demo","2025-12-11 08:52:28 UTC","","Ha, exactly.","INBOX","","false","false"
"demo-conv-0000","","Sam Rivera","https://www.linkedin.com/in/sam-rivera-demo","Priya Okafor","https://www.linkedin.com/in/priya-okafor-demo","2025-12-10 19:04:00 UTC","","Ha, exactly.","INBOX","","false","false"
"demo-conv-0042","","Sam Rivera","https://www.linkedin.com/in/sam-rivera-demo","Rafael Iyer","https://www.linkedin.com/in/rafael-iyer-demo","2025-12-08 12:15:00 UTC","","Yes, sent it over.","INBOX","","false","false"
"demo-conv-0069","","Theo Lockhart","https://www.linkedin.com/in/theo-lockhart-demo","Sam Rivera","https://www.linkedin.com/in/sam-rivera-demo","2025-12-08 08:13:12 UTC","","Sending over the doc now.","INBOX","","false","false"
"demo-conv-0108","","Talia Petrov","https://www.linkedin.com/in/talia-petrov-demo","Sam Rivera","https://www.linkedin.com/in/sam-rivera-demo","2025-12-06 13:04:08 UTC","","Sure, works for me.","INBOX","","false","false"
"demo-conv-0107","","Ingrid Delgado","https://www.linkedin.com/in/ingrid-delgado-demo","Sam Rivera","https://www.linkedin.com/in/sam-rivera-demo","2025-12-05 20:09:00 UTC","","Are you around for a call Thursday?","INBOX","","false","false"
"demo-conv-0086","","Sam Rivera","https://www.linkedin.com/in/sam-rivera-demo","Callum Nakamura","https://www.linkedin.com/in/callum-nakamura-demo","2025-12-04 16:21:12 UTC","","Thanks for the intro last week, that was really helpful.","INBOX","","false","false"
"demo-conv-0120","","Sam Rivera","https://www.linkedin.com/in/sam-rivera-demo","Greta Osei","https://www.linkedin.com/in/greta-osei-demo","2025-12-04 08:46:00 UTC","","Are you around for a call Thursday?","INBOX","","false","false"
"demo-conv-0022","","Kofi Okafor","https://www.linkedin.com/in/kofi-okafor-demo","Sam Rivera","https://www.linkedin.com/in/sam-rivera-demo","2025-12-03 05:51:00 UTC","","Are you around for a call Thursday?","INBOX","","false","false"
"demo-conv-0010","","Wesley Marchetti","https://www.linkedin.com/in/wesley-marchetti-demo","Sam Rivera","https://www.linkedin.com/in/sam-rivera-demo","2025-12-01 11:38:38 UTC","","Following up on this.","INBOX","","false","false"
"demo-conv-0032","","Sam Rivera","https://www.linkedin.com/in/sam-rivera-demo","Lucia Abernathy","https://www.linkedin.com/in/lucia-abernathy-demo","2025-11-30 20:25:42 UTC","","Yes, sent it over.","INBOX","","false","false"
"demo-conv-0047","","Leo Iyer","https://www.linkedin.com/in/leo-iyer-demo","Sam Rivera","https://www.linkedin.com/in/sam-rivera-demo","2025-11-30 07:00:34 UTC","","That makes sense, thank you.","INBOX","","false","false"
"demo-conv-0069","","Sam Rivera","https://www.linkedin.com/in/sam-rivera-demo","Theo Lockhart","https://www.linkedin.com/in/theo-lockhart-demo","2025-11-30 04:12:27 UTC","","Yes, sent it over.","INBOX","","false","false"
"demo-conv-0000","","Priya Okafor","https://www.linkedin.com/in/priya-okafor-demo","Sam Rivera","https://www.linkedin.com/in/sam-rivera-demo","2025-11-29 21:23:00 UTC","","Would love to catch up when you are in town.","INBOX","","false","false"
"demo-conv-0005","","Aisha Haddad","https://www.linkedin.com/in/aisha-haddad-demo","Sam Rivera","https://www.linkedin.com/in/sam-rivera-demo","2025-11-27 18:06:00 UTC","","Congrats on the launch!","INBOX","","false","false"
"demo-conv-0078","","Sam Rivera","https://www.linkedin.com/in/sam-rivera-demo","Sofia Brennan","https://www.linkedin.com/in/sofia-brennan-demo","2025-11-27 13:07:00 UTC","","Thanks for the intro last week, that was really helpful.","INBOX","","false","false"
"demo-conv-0108","","Sam Rivera","https://www.linkedin.com/in/sam-rivera-demo","Talia Petrov","https://www.linkedin.com/in/talia-petrov-demo","2025-11-27 01:32:34 UTC","","Quick question about the onboarding flow.","INBOX","","false","false"
"demo-conv-0086","","Callum Nakamura","https://www.linkedin.com/in/callum-nakamura-demo","Sam Rivera","https://www.linkedin.com/in/sam-rivera-demo","2025-11-26 21:47:31 UTC","","Yes, sent it over.","INBOX","","false","false"
"demo-conv-0077","","Sloane Castellano","https://www.linkedin.com/in/sloane-castellano-demo","Sam Rivera","https://www.linkedin.com/in/sam-rivera-demo","2025-11-24 21:30:00 UTC","","Thanks for the intro last week, that was really helpful.","INBOX","","false","false"
"demo-conv-0097","","Sam Rivera","https://www.linkedin.com/in/sam-rivera-demo","Amara Iyer","https://www.linkedin.com/in/amara-iyer-demo","2025-11-23 12:15:00 UTC","","Sure, works for me.","INBOX","","false","false"
"demo-conv-0069","","Theo Lockhart","https://www.linkedin.com/in/theo-lockhart-demo","Sam Rivera","https://www.linkedin.com/in/sam-rivera-demo","2025-11-21 23:35:41 UTC","","Thanks for the intro last week, that was really helpful.","INBOX","","false","false"
"demo-conv-0010","","Sam Rivera","https://www.linkedin.com/in/sam-rivera-demo","Wesley Marchetti","https://www.linkedin.com/in/wesley-marchetti-demo","2025-11-21 18:13:04 UTC","","Ha, exactly.","INBOX","","false","false"
"demo-conv-0038","","Sam Rivera","https://www.linkedin.com/in/sam-rivera-demo","Felix Grimaldi","https://www.linkedin.com/in/felix-grimaldi-demo","2025-11-21 02:20:32 UTC","","Ha, exactly.","INBOX","","false","false"
"demo-conv-0086","","Sam Rivera","https://www.linkedin.com/in/sam-rivera-demo","Callum Nakamura","https://www.linkedin.com/in/callum-nakamura-demo","2025-11-19 16:33:50 UTC","","Let me check with the team and get back to you.","INBOX","","false","false"
"demo-conv-0104","","Farah Petrov","https://www.linkedin.com/in/farah-petrov-demo","Sam Rivera","https://www.linkedin.com/in/sam-rivera-demo","2025-11-19 08:48:00 UTC","","Yes, sent it over.","INBOX","","false","false"
"demo-conv-0034","","Sam Rivera","https://www.linkedin.com/in/sam-rivera-demo","Dev Adeyemi","https://www.linkedin.com/in/dev-adeyemi-demo","2025-11-19 01:21:33 UTC","","Would love to catch up when you are in town.","INBOX","","false","false"
"demo-conv-0000","","Sam Rivera","https://www.linkedin.com/in/sam-rivera-demo","Priya Okafor","https://www.linkedin.com/in/priya-okafor-demo","2025-11-18 20:17:00 UTC","","Quick question about the onboarding flow.","INBOX","","false","false"
"demo-conv-0108","","Talia Petrov","https://www.linkedin.com/in/talia-petrov-demo","Sam Rivera","https://www.linkedin.com/in/sam-rivera-demo","2025-11-17 12:27:00 UTC","","Following up on this.","INBOX","","false","false"
"demo-conv-0024","","Petra Quintero","https://www.linkedin.com/in/petra-quintero-demo","Sam Rivera","https://www.linkedin.com/in/sam-rivera-demo","2025-11-16 07:08:00 UTC","","Appreciate it!","INBOX","","false","false"
"demo-conv-0117","","Sam Rivera","https://www.linkedin.com/in/sam-rivera-demo","Jonas Grimaldi","https://www.linkedin.com/in/jonas-grimaldi-demo","2025-11-15 19:01:34 UTC","","That makes sense, thank you.","INBOX","","false","false"
"demo-conv-0009","","Hana Kowalski","https://www.linkedin.com/in/hana-kowalski-demo","Sam Rivera","https://www.linkedin.com/in/sam-rivera-demo","2025-11-15 13:00:23 UTC","","Thanks for the intro last week, that was really helpful.","INBOX","","false","false"
"demo-conv-0042","","Rafael Iyer","https://www.linkedin.com/in/rafael-iyer-demo","Sam Rivera","https://www.linkedin.com/in/sam-rivera-demo","2025-11-15 07:32:00 UTC","","Saw your post, great points on activation.","INBOX","","false","false"
"demo-conv-0022","","Sam Rivera","https://www.linkedin.com/in/sam-rivera-demo","Kofi Okafor","https://www.linkedin.com/in/kofi-okafor-demo","2025-11-14 09:51:00 UTC","","Sure, works for me.","INBOX","","false","false"
"demo-conv-0069","","Sam Rivera","https://www.linkedin.com/in/sam-rivera-demo","Theo Lockhart","https://www.linkedin.com/in/theo-lockhart-demo","2025-11-13 12:49:55 UTC","","Yes, sent it over.","INBOX","","false","false"
"demo-conv-0005","","Sam Rivera","https://www.linkedin.com/in/sam-rivera-demo","Aisha Haddad","https://www.linkedin.com/in/aisha-haddad-demo","2025-11-12 22:02:00 UTC","","Sending over the doc now.","INBOX","","false","false"
"demo-conv-0032","","Lucia Abernathy","https://www.linkedin.com/in/lucia-abernathy-demo","Sam Rivera","https://www.linkedin.com/in/sam-rivera-demo","2025-11-12 12:37:13 UTC","","Congrats on the launch!","INBOX","","false","false"
"demo-conv-0016","","Sloane Kowalski","https://www.linkedin.com/in/sloane-kowalski-demo","Sam Rivera","https://www.linkedin.com/in/sam-rivera-demo","2025-11-11 22:09:42 UTC","","That makes sense, thank you.","INBOX","","false","false"
"demo-conv-0107","","Sam Rivera","https://www.linkedin.com/in/sam-rivera-demo","Ingrid Delgado","https://www.linkedin.com/in/ingrid-delgado-demo","2025-11-11 20:44:34 UTC","","Would love to catch up when you are in town.","INBOX","","false","false"
"demo-conv-0010","","Wesley Marchetti","https://www.linkedin.com/in/wesley-marchetti-demo","Sam Rivera","https://www.linkedin.com/in/sam-rivera-demo","2025-11-11 17:24:31 UTC","","Are you around for a call Thursday?","INBOX","","false","false"
"demo-conv-0086","","Callum Nakamura","https://www.linkedin.com/in/callum-nakamura-demo","Sam Rivera","https://www.linkedin.com/in/sam-rivera-demo","2025-11-11 17:16:09 UTC","","Let me check with the team and get back to you.","INBOX","","false","false"
"demo-conv-0108","","Sam Rivera","https://www.linkedin.com/in/sam-rivera-demo","Talia Petrov","https://www.linkedin.com/in/talia-petrov-demo","2025-11-07 18:47:25 UTC","","Do you have a template for that?","INBOX","","false","false"
"demo-conv-0000","","Priya Okafor","https://www.linkedin.com/in/priya-okafor-demo","Sam Rivera","https://www.linkedin.com/in/sam-rivera-demo","2025-11-07 14:21:00 UTC","","Ha, exactly.","INBOX","","false","false"
"demo-conv-0008","","Sam Rivera","https://www.linkedin.com/in/sam-rivera-demo","Diego Adeyemi","https://www.linkedin.com/in/diego-adeyemi-demo","2025-11-07 11:48:12 UTC","","Ha, exactly.","INBOX","","false","false"
"demo-conv-0081","","Callum Abernathy","https://www.linkedin.com/in/callum-abernathy-demo","Sam Rivera","https://www.linkedin.com/in/sam-rivera-demo","2025-11-05 21:38:00 UTC","","Let me check with the team and get back to you.","INBOX","","false","false"
"demo-conv-0069","","Theo Lockhart","https://www.linkedin.com/in/theo-lockhart-demo","Sam Rivera","https://www.linkedin.com/in/sam-rivera-demo","2025-11-05 07:52:10 UTC","","Appreciate it!","INBOX","","false","false"
"demo-conv-0086","","Sam Rivera","https://www.linkedin.com/in/sam-rivera-demo","Callum Nakamura","https://www.linkedin.com/in/callum-nakamura-demo","2025-11-04 09:58:28 UTC","","Would love to catch up when you are in town.","INBOX","","false","false"
"demo-conv-0061","","Hana Abernathy","https://www.linkedin.com/in/hana-abernathy-demo","Sam Rivera","https://www.linkedin.com/in/sam-rivera-demo","2025-11-02 18:01:00 UTC","","Sending over the doc now.","INBOX","","false","false"
"demo-conv-0010","","Sam Rivera","https://www.linkedin.com/in/sam-rivera-demo","Wesley Marchetti","https://www.linkedin.com/in/wesley-marchetti-demo","2025-11-01 22:04:57 UTC","","Would love to catch up when you are in town.","INBOX","","false","false"
"demo-conv-0097","","Amara Iyer","https://www.linkedin.com/in/amara-iyer-demo","Sam Rivera","https://www.linkedin.com/in/sam-rivera-demo","2025-10-31 15:59:00 UTC","","Appreciate it!","INBOX","","false","false"
"demo-conv-0078","","Sofia Brennan","https://www.linkedin.com/in/sofia-brennan-demo","Sam Rivera","https://www.linkedin.com/in/sam-rivera-demo","2025-10-29 17:31:00 UTC","","Let me check with the team and get back to you.","INBOX","","false","false"
"demo-conv-0005","","Aisha Haddad","https://www.linkedin.com/in/aisha-haddad-demo","Sam Rivera","https://www.linkedin.com/in/sam-rivera-demo","2025-10-29 09:20:00 UTC","","That makes sense, thank you.","INBOX","","false","false"
"demo-conv-0108","","Talia Petrov","https://www.linkedin.com/in/talia-petrov-demo","Sam Rivera","https://www.linkedin.com/in/sam-rivera-demo","2025-10-29 03:17:51 UTC","","Are you around for a call Thursday?","INBOX","","false","false"
"demo-conv-0047","","Sam Rivera","https://www.linkedin.com/in/sam-rivera-demo","Leo Iyer","https://www.linkedin.com/in/leo-iyer-demo","2025-10-27 21:59:00 UTC","","Ha, exactly.","INBOX","","false","false"
"demo-conv-0000","","Sam Rivera","https://www.linkedin.com/in/sam-rivera-demo","Priya Okafor","https://www.linkedin.com/in/priya-okafor-demo","2025-10-27 19:00:00 UTC","","Appreciate it!","INBOX","","false","false"
"demo-conv-0086","","Callum Nakamura","https://www.linkedin.com/in/callum-nakamura-demo","Sam Rivera","https://www.linkedin.com/in/sam-rivera-demo","2025-10-27 18:57:47 UTC","","Saw your post, great points on activation.","INBOX","","false","false"
"demo-conv-0069","","Sam Rivera","https://www.linkedin.com/in/sam-rivera-demo","Theo Lockhart","https://www.linkedin.com/in/theo-lockhart-demo","2025-10-27 17:03:24 UTC","","Congrats on the launch!","INBOX","","false","false"
"demo-conv-0034","","Dev Adeyemi","https://www.linkedin.com/in/dev-adeyemi-demo","Sam Rivera","https://www.linkedin.com/in/sam-rivera-demo","2025-10-27 02:31:12 UTC","","Sending over the doc now.","INBOX","","false","false"
"demo-conv-0111","","Dev Kowalski","https://www.linkedin.com/in/dev-kowalski-demo","Sam Rivera","https://www.linkedin.com/in/sam-rivera-demo","2025-10-26 16:11:00 UTC","","Let me check with the team and get back to you.","INBOX","","false","false"
"demo-conv-0022","","Kofi Okafor","https://www.linkedin.com/in/kofi-okafor-demo","Sam Rivera","https://www.linkedin.com/in/sam-rivera-demo","2025-10-26 11:55:00 UTC","","That makes sense, thank you.","INBOX","","false","false"
"demo-conv-0104","","Sam Rivera","https://www.linkedin.com/in/sam-rivera-demo","Farah Petrov","https://www.linkedin.com/in/farah-petrov-demo","2025-10-25 07:22:00 UTC","","Sure, works for me.","INBOX","","false","false"
"demo-conv-0032","","Sam Rivera","https://www.linkedin.com/in/sam-rivera-demo","Lucia Abernathy","https://www.linkedin.com/in/lucia-abernathy-demo","2025-10-25 05:43:44 UTC","","Yes, sent it over.","INBOX","","false","false"
"demo-conv-0042","","Sam Rivera","https://www.linkedin.com/in/sam-rivera-demo","Rafael Iyer","https://www.linkedin.com/in/rafael-iyer-demo","2025-10-23 08:08:00 UTC","","Do you have a template for that?","INBOX","","false","false"
"demo-conv-0010","","Wesley Marchetti","https://www.linkedin.com/in/wesley-marchetti-demo","Sam Rivera","https://www.linkedin.com/in/sam-rivera-demo","2025-10-23 04:11:23 UTC","","Thanks for the intro last week, that was really helpful.","INBOX","","false","false"
"demo-conv-0086","","Sam Rivera","https://www.linkedin.com/in/sam-rivera-demo","Callum Nakamura","https://www.linkedin.com/in/callum-nakamura-demo","2025-10-20 06:26:06 UTC","","Congrats on the launch!","INBOX","","false","false"
"demo-conv-0108","","Sam Rivera","https://www.linkedin.com/in/sam-rivera-demo","Talia Petrov","https://www.linkedin.com/in/talia-petrov-demo","2025-10-19 16:44:17 UTC","","Sure, works for me.","INBOX","","false","false"
"demo-conv-0069","","Theo Lockhart","https://www.linkedin.com/in/theo-lockhart-demo","Sam Rivera","https://www.linkedin.com/in/sam-rivera-demo","2025-10-19 16:01:38 UTC","","Following up on this.","INBOX","","false","false"
"demo-conv-0107","","Ingrid Delgado","https://www.linkedin.com/in/ingrid-delgado-demo","Sam Rivera","https://www.linkedin.com/in/sam-rivera-demo","2025-10-18 15:47:08 UTC","","Ha, exactly.","INBOX","","false","false"
"demo-conv-0114","","Sam Rivera","https://www.linkedin.com/in/sam-rivera-demo","Jordan Eriksen","https://www.linkedin.com/in/jordan-eriksen-demo","2025-10-17 09:12:17 UTC","","Appreciate it!","INBOX","","false","false"
"demo-conv-0120","","Greta Osei","https://www.linkedin.com/in/greta-osei-demo","Sam Rivera","https://www.linkedin.com/in/sam-rivera-demo","2025-10-16 19:43:00 UTC","","Appreciate it!","INBOX","","false","false"
"demo-conv-0000","","Priya Okafor","https://www.linkedin.com/in/priya-okafor-demo","Sam Rivera","https://www.linkedin.com/in/sam-rivera-demo","2025-10-16 15:28:00 UTC","","Thanks for the intro last week, that was really helpful.","INBOX","","false","false"
"demo-conv-0117","","Sam Rivera","https://www.linkedin.com/in/sam-rivera-demo","Jonas Grimaldi","https://www.linkedin.com/in/jonas-grimaldi-demo","2025-10-16 13:41:17 UTC","","Thanks for the intro last week, that was really helpful.","INBOX","","false","false"
"demo-conv-0005","","Sam Rivera","https://www.linkedin.com/in/sam-rivera-demo","Aisha Haddad","https://www.linkedin.com/in/aisha-haddad-demo","2025-10-14 11:20:00 UTC","","Sending over the doc now.","INBOX","","false","false"
"demo-conv-0009","","Sam Rivera","https://www.linkedin.com/in/sam-rivera-demo","Hana Kowalski","https://www.linkedin.com/in/hana-kowalski-demo","2025-10-14 08:05:09 UTC","","Quick question about the onboarding flow.","INBOX","","false","false"
"demo-conv-0061","","Sam Rivera","https://www.linkedin.com/in/sam-rivera-demo","Hana Abernathy","https://www.linkedin.com/in/hana-abernathy-demo","2025-10-13 12:08:00 UTC","","Quick question about the onboarding flow.","INBOX","","false","false"
"demo-conv-0010","","Sam Rivera","https://www.linkedin.com/in/sam-rivera-demo","Wesley Marchetti","https://www.linkedin.com/in/wesley-marchetti-demo","2025-10-13 00:30:49 UTC","","Saw your post, great points on activation.","INBOX","","false","false"
"demo-conv-0086","","Callum Nakamura","https://www.linkedin.com/in/callum-nakamura-demo","Sam Rivera","https://www.linkedin.com/in/sam-rivera-demo","2025-10-12 15:13:25 UTC","","Following up on this.","INBOX","","false","false"
"demo-conv-0069","","Sam Rivera","https://www.linkedin.com/in/sam-rivera-demo","Theo Lockhart","https://www.linkedin.com/in/theo-lockhart-demo","2025-10-11 05:56:53 UTC","","That makes sense, thank you.","INBOX","","false","false"
"demo-conv-0024","","Sam Rivera","https://www.linkedin.com/in/sam-rivera-demo","Petra Quintero","https://www.linkedin.com/in/petra-quintero-demo","2025-10-11 03:47:00 UTC","","Do you have a template for that?","INBOX","","false","false"
"demo-conv-0081","","Sam Rivera","https://www.linkedin.com/in/sam-rivera-demo","Callum Abernathy","https://www.linkedin.com/in/callum-abernathy-demo","2025-10-10 12:19:00 UTC","","Ha, exactly.","INBOX","","false","false"
"demo-conv-0108","","Talia Petrov","https://www.linkedin.com/in/talia-petrov-demo","Sam Rivera","https://www.linkedin.com/in/sam-rivera-demo","2025-10-10 03:24:42 UTC","","Do you have a template for that?","INBOX","","false","false"
"demo-conv-0077","","Sam Rivera","https://www.linkedin.com/in/sam-rivera-demo","Sloane Castellano","https://www.linkedin.com/in/sloane-castellano-demo","2025-10-08 07:18:00 UTC","","Are you around for a call Thursday?","INBOX","","false","false"
"demo-conv-0097","","Amara Iyer","https://www.linkedin.com/in/amara-iyer-demo","Sam Rivera","https://www.linkedin.com/in/sam-rivera-demo","2025-10-08 06:46:00 UTC","","Thanks for the intro last week, that was really helpful.","INBOX","","false","false"
"demo-conv-0022","","Sam Rivera","https://www.linkedin.com/in/sam-rivera-demo","Kofi Okafor","https://www.linkedin.com/in/kofi-okafor-demo","2025-10-07 10:23:00 UTC","","That makes sense, thank you.","INBOX","","false","false"
"demo-conv-0032","","Lucia Abernathy","https://www.linkedin.com/in/lucia-abernathy-demo","Sam Rivera","https://www.linkedin.com/in/sam-rivera-demo","2025-10-07 07:17:15 UTC","","Are you around for a call Thursday?","INBOX","","false","false"
"demo-conv-0000","","Priya Okafor","https://www.linkedin.com/in/priya-okafor-demo","Sam Rivera","https://www.linkedin.com/in/sam-rivera-demo","2025-10-05 18:49:00 UTC","","Sure, works for me.","INBOX","","false","false"
"demo-conv-0016","","Sloane Kowalski","https://www.linkedin.com/in/sloane-kowalski-demo","Sam Rivera","https://www.linkedin.com/in/sam-rivera-demo","2025-10-04 21:34:00 UTC","","That makes sense, thank you.","INBOX","","false","false"
"demo-conv-0086","","Sam Rivera","https://www.linkedin.com/in/sam-rivera-demo","Callum Nakamura","https://www.linkedin.com/in/callum-nakamura-demo","2025-10-04 20:01:44 UTC","","That makes sense, thank you.","INBOX","","false","false"
"demo-conv-0008","","Diego Adeyemi","https://www.linkedin.com/in/diego-adeyemi-demo","Sam Rivera","https://www.linkedin.com/in/sam-rivera-demo","2025-10-04 19:21:56 UTC","","Yes, sent it over.","INBOX","","false","false"
"demo-conv-0034","","Sam Rivera","https://www.linkedin.com/in/sam-rivera-demo","Dev Adeyemi","https://www.linkedin.com/in/dev-adeyemi-demo","2025-10-04 06:10:51 UTC","","Are you around for a call Thursday?","INBOX","","false","false"
"demo-conv-0010","","Wesley Marchetti","https://www.linkedin.com/in/wesley-marchetti-demo","Sam Rivera","https://www.linkedin.com/in/sam-rivera-demo","2025-10-03 07:27:16 UTC","","Saw your post, great points on activation.","INBOX","","false","false"
"demo-conv-0069","","Theo Lockhart","https://www.linkedin.com/in/theo-lockhart-demo","Sam Rivera","https://www.linkedin.com/in/sam-rivera-demo","2025-10-02 20:29:07 UTC","","Would love to catch up when you are in town.","INBOX","","false","false"
"demo-conv-0078","","Sam Rivera","https://www.linkedin.com/in/sam-rivera-demo","Sofia Brennan","https://www.linkedin.com/in/sofia-brennan-demo","2025-10-01 03:40:00 UTC","","Let me check with the team and get back to you.","INBOX","","false","false"
"demo-conv-0104","","Sam Rivera","https://www.linkedin.com/in/sam-rivera-demo","Farah Petrov","https://www.linkedin.com/in/farah-petrov-demo","2025-09-30 18:49:00 UTC","","Let me check with the team and get back to you.","INBOX","","false","false"
"demo-conv-0108","","Sam Rivera","https://www.linkedin.com/in/sam-rivera-demo","Talia Petrov","https://www.linkedin.com/in/talia-petrov-demo","2025-09-30 11:49:08 UTC","","Thanks for the intro last week, that was really helpful.","INBOX","","false","false"
"demo-conv-0042","","Rafael Iyer","https://www.linkedin.com/in/rafael-iyer-demo","Sam Rivera","https://www.linkedin.com/in/sam-rivera-demo","2025-09-30 05:24:00 UTC","","That makes sense, thank you.","INBOX","","false","false"
"demo-conv-0005","","Aisha Haddad","https://www.linkedin.com/in/aisha-haddad-demo","Sam Rivera","https://www.linkedin.com/in/sam-rivera-demo","2025-09-29 22:15:00 UTC","","Let me check with the team and get back to you.","INBOX","","false","false"
"demo-conv-0086","","Callum Nakamura","https://www.linkedin.com/in/callum-nakamura-demo","Sam Rivera","https://www.linkedin.com/in/sam-rivera-demo","2025-09-27 06:09:03 UTC","","Let me check with the team and get back to you.","INBOX","","false","false"
"demo-conv-0107","","Sam Rivera","https://www.linkedin.com/in/sam-rivera-demo","Ingrid Delgado","https://www.linkedin.com/in/ingrid-delgado-demo","2025-09-25 00:18:42 UTC","","Do you have a template for that?","INBOX","","false","false"
"demo-conv-0038","","Felix Grimaldi","https://www.linkedin.com/in/felix-grimaldi-demo","Sam Rivera","https://www.linkedin.com/in/sam-rivera-demo","2025-09-24 23:25:43 UTC","","Appreciate it!","INBOX","","false","false"
"demo-conv-0000","","Priya Okafor","https://www.linkedin.com/in/priya-okafor-demo","Sam Rivera","https://www.linkedin.com/in/sam-rivera-demo","2025-09-24 19:18:00 UTC","","Do you have a template for that?","INBOX","","false","false"
"demo-conv-0069","","Sam Rivera","https://www.linkedin.com/in/sam-rivera-demo","Theo Lockhart","https://www.linkedin.com/in/theo-lockhart-demo","2025-09-24 16:06:21 UTC","","Yes, sent it over.","INBOX","","false","false"
"demo-conv-0047","","Leo Iyer","https://www.linkedin.com/in/leo-iyer-demo","Sam Rivera","https://www.linkedin.com/in/sam-rivera-demo","2025-09-23 23:30:25 UTC","","Would love to catch up when you are in town.","INBOX","","false","false"
"demo-conv-0010","","Sam Rivera","https://www.linkedin.com/in/sam-rivera-demo","Wesley Marchetti","https://www.linkedin.com/in/wesley-marchetti-demo","2025-09-23 11:28:42 UTC","","Sending over the doc now.","INBOX","","false","false"
"demo-conv-0061","","Hana Abernathy","https://www.linkedin.com/in/hana-abernathy-demo","Sam Rivera","https://www.linkedin.com/in/sam-rivera-demo","2025-09-23 02:58:00 UTC","","Sure, works for me.","INBOX","","false","false"
"demo-conv-0108","","Talia Petrov","https://www.linkedin.com/in/talia-petrov-demo","Sam Rivera","https://www.linkedin.com/in/sam-rivera-demo","2025-09-20 21:35:34 UTC","","Appreciate it!","INBOX","","false","false"
"demo-conv-0086","","Sam Rivera","https://www.linkedin.com/in/sam-rivera-demo","Callum Nakamura","https://www.linkedin.com/in/callum-nakamura-demo","2025-09-19 16:02:22 UTC","","Quick question about the onboarding flow.","INBOX","","false","false"
"demo-conv-0032","","Sam Rivera","https://www.linkedin.com/in/sam-rivera-demo","Lucia Abernathy","https://www.linkedin.com/in/lucia-abernathy-demo","2025-09-18 23:01:46 UTC","","Sending over the doc now.","INBOX","","false","false"
"demo-conv-0022","","Kofi Okafor","https://www.linkedin.com/in/kofi-okafor-demo","Sam Rivera","https://www.linkedin.com/in/sam-rivera-demo","2025-09-18 09:03:00 UTC","","Congrats on the launch!","INBOX","","false","false"
"demo-conv-0111","","Sam Rivera","https://www.linkedin.com/in/sam-rivera-demo","Dev Kowalski","https://www.linkedin.com/in/dev-kowalski-demo","2025-09-18 05:28:38 UTC","","Thanks for the intro last week, that was really helpful.","INBOX","","false","false"
"demo-conv-0069","","Theo Lockhart","https://www.linkedin.com/in/theo-lockhart-demo","Sam Rivera","https://www.linkedin.com/in/sam-rivera-demo","2025-09-16 09:20:36 UTC","","Following up on this.","INBOX","","false","false"
"demo-conv-0117","","Jonas Grimaldi","https://www.linkedin.com/in/jonas-grimaldi-demo","Sam Rivera","https://www.linkedin.com/in/sam-rivera-demo","2025-09-16 07:16:00 UTC","","Thanks for the intro last week, that was really helpful.","INBOX","","false","false"
"demo-conv-0097","","Amara Iyer","https://www.linkedin.com/in/amara-iyer-demo","Sam Rivera","https://www.linkedin.com/in/sam-rivera-demo","2025-09-15 00:46:00 UTC","","Let me check with the team and get back to you.","INBOX","","false","false"
"demo-conv-0005","","Sam Rivera","https://www.linkedin.com/in/sam-rivera-demo","Aisha Haddad","https://www.linkedin.com/in/aisha-haddad-demo","2025-09-14 21:37:00 UTC","","Ha, exactly.","INBOX","","false","false"
"demo-conv-0081","","Sam Rivera","https://www.linkedin.com/in/sam-rivera-demo","Callum Abernathy","https://www.linkedin.com/in/callum-abernathy-demo","2025-09-14 02:43:00 UTC","","Do you have a template for that?","INBOX","","false","false"
"demo-conv-0000","","Sam Rivera","https://www.linkedin.com/in/sam-rivera-demo","Priya Okafor","https://www.linkedin.com/in/priya-okafor-demo","2025-09-13 15:14:00 UTC","","Appreciate it!","INBOX","","false","false"
"demo-conv-0010","","Wesley Marchetti","https://www.linkedin.com/in/wesley-marchetti-demo","Sam Rivera","https://www.linkedin.com/in/sam-rivera-demo","2025-09-13 14:23:08 UTC","","Congrats on the launch!","INBOX","","false","false"
"demo-conv-0009","","Hana Kowalski","https://www.linkedin.com/in/hana-kowalski-demo","Sam Rivera","https://www.linkedin.com/in/sam-rivera-demo","2025-09-12 03:50:55 UTC","","Thanks for the intro last week, that was really helpful.","INBOX","","false","false"
"demo-conv-0086","","Callum Nakamura","https://www.linkedin.com/in/callum-nakamura-demo","Sam Rivera","https://www.linkedin.com/in/sam-rivera-demo","2025-09-12 01:58:41 UTC","","Sure, works for me.","INBOX","","false","false"
"demo-conv-0108","","Sam Rivera","https://www.linkedin.com/in/sam-rivera-demo","Talia Petrov","https://www.linkedin.com/in/talia-petrov-demo","2025-09-11 08:24:00 UTC","","Following up on this.","INBOX","","false","false"
"demo-conv-0034","","Dev Adeyemi","https://www.linkedin.com/in/dev-adeyemi-demo","Sam Rivera","https://www.linkedin.com/in/sam-rivera-demo","2025-09-11 07:30:31 UTC","","Do you have a template for that?","INBOX","","false","false"
"demo-conv-0116","","Wren Petrov","https://www.linkedin.com/in/wren-petrov-demo","Sam Rivera","https://www.linkedin.com/in/sam-rivera-demo","2025-09-09 16:18:00 UTC","","Following up on this.","INBOX","","false","false"
"demo-conv-0069","","Sam Rivera","https://www.linkedin.com/in/sam-rivera-demo","Theo Lockhart","https://www.linkedin.com/in/theo-lockhart-demo","2025-09-08 02:59:50 UTC","","Would love to catch up when you are in town.","INBOX","","false","false"
"demo-conv-0042","","Sam Rivera","https://www.linkedin.com/in/sam-rivera-demo","Rafael Iyer","https://www.linkedin.com/in/rafael-iyer-demo","2025-09-06 23:43:00 UTC","","Do you have a template for that?","INBOX","","false","false"
"demo-conv-0104","","Sam Rivera","https://www.linkedin.com/in/sam-rivera-demo","Farah Petrov","https://www.linkedin.com/in/farah-petrov-demo","2025-09-05 20:40:00 UTC","","Appreciate it!","INBOX","","false","false"
"demo-conv-0086","","Sam Rivera","https://www.linkedin.com/in/sam-rivera-demo","Callum Nakamura","https://www.linkedin.com/in/callum-nakamura-demo","2025-09-04 21:49:00 UTC","","Are you around for a call Thursday?","INBOX","","false","false"
"demo-conv-0024","","Petra Quintero","https://www.linkedin.com/in/petra-quintero-demo","Sam Rivera","https://www.linkedin.com/in/sam-rivera-demo","2025-09-04 18:18:00 UTC","","That makes sense, thank you.","INBOX","","false","false"
"demo-conv-0010","","Sam Rivera","https://www.linkedin.com/in/sam-rivera-demo","Wesley Marchetti","https://www.linkedin.com/in/wesley-marchetti-demo","2025-09-03 07:38:35 UTC","","Thanks for the intro last week, that was really helpful.","INBOX","","false","false"
"demo-conv-0061","","Sam Rivera","https://www.linkedin.com/in/sam-rivera-demo","Hana Abernathy","https://www.linkedin.com/in/hana-abernathy-demo","2025-09-03 00:48:00 UTC","","Let me check with the team and get back to you.","INBOX","","false","false"
"demo-conv-0000","","Sam Rivera","https://www.linkedin.com/in/sam-rivera-demo","Priya Okafor","https://www.linkedin.com/in/priya-okafor-demo","2025-09-02 16:15:00 UTC","","Let me check with the team and get back to you.","INBOX","","false","false"
"demo-conv-0078","","Sofia Brennan","https://www.linkedin.com/in/sofia-brennan-demo","Sam Rivera","https://www.linkedin.com/in/sam-rivera-demo","2025-09-02 10:28:00 UTC","","Following up on this.","INBOX","","false","false"
"demo-conv-0108","","Talia Petrov","https://www.linkedin.com/in/talia-petrov-demo","Sam Rivera","https://www.linkedin.com/in/sam-rivera-demo","2025-09-01 23:37:25 UTC","","Ha, exactly.","INBOX","","false","false"
"demo-conv-0008","","Sam Rivera","https://www.linkedin.com/in/sam-rivera-demo","Diego Adeyemi","https://www.linkedin.com/in/diego-adeyemi-demo","2025-09-01 08:17:41 UTC","","Congrats on the launch!","INBOX","","false","false"
"demo-conv-0107","","Ingrid Delgado","https://www.linkedin.com/in/ingrid-delgado-demo","Sam Rivera","https://www.linkedin.com/in/sam-rivera-demo","2025-08-31 22:39:17 UTC","","Sure, works for me.","INBOX","","false","false"
"demo-conv-0032","","Lucia Abernathy","https://www.linkedin.com/in/lucia-abernathy-demo","Sam Rivera","https://www.linkedin.com/in/sam-rivera-demo","2025-08-31 15:07:17 UTC","","Thanks for the intro last week, that was really helpful.","INBOX","","false","false"
"demo-conv-0005","","Aisha Haddad","https://www.linkedin.com/in/aisha-haddad-demo","Sam Rivera","https://www.linkedin.com/in/sam-rivera-demo","2025-08-31 08:04:00 UTC","","Sending over the doc now.","INBOX","","false","false"
"demo-conv-0022","","Sam Rivera","https://www.linkedin.com/in/sam-rivera-demo","Kofi Okafor","https://www.linkedin.com/in/kofi-okafor-demo","2025-08-30 13:52:00 UTC","","Sending over the doc now.","INBOX","","false","false"
"demo-conv-0069","","Theo Lockhart","https://www.linkedin.com/in/theo-lockhart-demo","Sam Rivera","https://www.linkedin.com/in/sam-rivera-demo","2025-08-30 13:08:04 UTC","","That makes sense, thank you.","INBOX","","false","false"
"demo-conv-0120","","Sam Rivera","https://www.linkedin.com/in/sam-rivera-demo","Greta Osei","https://www.linkedin.com/in/greta-osei-demo","2025-08-29 16:16:00 UTC","","Do you have a template for that?","INBOX","","false","false"
"demo-conv-0016","","Sam Rivera","https://www.linkedin.com/in/sam-rivera-demo","Sloane Kowalski","https://www.linkedin.com/in/sloane-kowalski-demo","2025-08-28 02:08:17 UTC","","Do you have a template for that?","INBOX","","false","false"
"demo-conv-0086","","Callum Nakamura","https://www.linkedin.com/in/callum-nakamura-demo","Sam Rivera","https://www.linkedin.com/in/sam-rivera-demo","2025-08-27 22:55:18 UTC","","Appreciate it!","INBOX","","false","false"
"demo-conv-0010","","Wesley Marchetti","https://www.linkedin.com/in/wesley-marchetti-demo","Sam Rivera","https://www.linkedin.com/in/sam-rivera-demo","2025-08-24 09:50:01 UTC","","Sending over the doc now.","INBOX","","false","false"
"demo-conv-0108","","Sam Rivera","https://www.linkedin.com/in/sam-rivera-demo","Talia Petrov","https://www.linkedin.com/in/talia-petrov-demo","2025-08-23 10:02:51 UTC","","Yes, sent it over.","INBOX","","false","false"
"demo-conv-0000","","Sam Rivera","https://www.linkedin.com/in/sam-rivera-demo","Priya Okafor","https://www.linkedin.com/in/priya-okafor-demo","2025-08-22 16:52:00 UTC","","Are you around for a call Thursday?","INBOX","","false","false"
"demo-conv-0084","","Otto Iyer","https://www.linkedin.com/in/otto-iyer-demo","Sam Rivera","https://www.linkedin.com/in/sam-rivera-demo","2025-08-22 13:55:00 UTC","","Quick question about the onboarding flow.","INBOX","","false","false"
"demo-conv-0097","","Sam Rivera","https://www.linkedin.com/in/sam-rivera-demo","Amara Iyer","https://www.linkedin.com/in/amara-iyer-demo","2025-08-22 13:39:00 UTC","","Would love to catch up when you are in town.","INBOX","","false","false"
"demo-conv-0069","","Sam Rivera","https://www.linkedin.com/in/sam-rivera-demo","Theo Lockhart","https://www.linkedin.com/in/theo-lockhart-demo","2025-08-22 05:53:19 UTC","","Let me check with the team and get back to you.","INBOX","","false","false"
"demo-conv-0077","","Sloane Castellano","https://www.linkedin.com/in/sloane-castellano-demo","Sam Rivera","https://www.linkedin.com/in/sam-rivera-demo","2025-08-21 09:57:00 UTC","","Would love to catch up when you are in town.","INBOX","","false","false"
"demo-conv-0047","","Sam Rivera","https://www.linkedin.com/in/sam-rivera-demo","Leo Iyer","https://www.linkedin.com/in/leo-iyer-demo","2025-08-21 03:18:51 UTC","","Thanks for the intro last week, that was really helpful.","INBOX","","false","false"
"demo-conv-0086","","Sam Rivera","https://www.linkedin.com/in/sam-rivera-demo","Callum Nakamura","https://www.linkedin.com/in/callum-nakamura-demo","2025-08-20 12:19:37 UTC","","Are you around for a call Thursday?","INBOX","","false","false"
"demo-conv-0034","","Sam Rivera","https://www.linkedin.com/in/sam-rivera-demo","Dev Adeyemi","https://www.linkedin.com/in/dev-adeyemi-demo","2025-08-19 00:03:10 UTC","","Appreciate it!","INBOX","","false","false"
"demo-conv-0081","","Callum Abernathy","https://www.linkedin.com/in/callum-abernathy-demo","Sam Rivera","https://www.linkedin.com/in/sam-rivera-demo","2025-08-18 22:38:00 UTC","","Saw your post, great points on activation.","INBOX","","false","false"
"demo-conv-0117","","Sam Rivera","https://www.linkedin.com/in/sam-rivera-demo","Jonas Grimaldi","https://www.linkedin.com/in/jonas-grimaldi-demo","2025-08-16 21:12:42 UTC","","Quick question about the onboarding flow.","INBOX","","false","false"
"demo-conv-0005","","Sam Rivera","https://www.linkedin.com/in/sam-rivera-demo","Aisha Haddad","https://www.linkedin.com/in/aisha-haddad-demo","2025-08-16 13:12:00 UTC","","Saw your post, great points on activation.","INBOX","","false","false"
"demo-conv-0010","","Sam Rivera","https://www.linkedin.com/in/sam-rivera-demo","Wesley Marchetti","https://www.linkedin.com/in/wesley-marchetti-demo","2025-08-14 18:33:27 UTC","","Let me check with the team and get back to you.","INBOX","","false","false"
"demo-conv-0042","","Rafael Iyer","https://www.linkedin.com/in/rafael-iyer-demo","Sam Rivera","https://www.linkedin.com/in/sam-rivera-demo","2025-08-14 15:56:00 UTC","","Let me check with the team and get back to you.","INBOX","","false","false"
"demo-conv-0069","","Theo Lockhart","https://www.linkedin.com/in/theo-lockhart-demo","Sam Rivera","https://www.linkedin.com/in/sam-rivera-demo","2025-08-13 20:19:33 UTC","","Would love to catch up when you are in town.","INBOX","","false","false"
"demo-conv-0061","","Hana Abernathy","https://www.linkedin.com/in/hana-abernathy-demo","Sam Rivera","https://www.linkedin.com/in/sam-rivera-demo","2025-08-13 19:45:00 UTC","","Would love to catch up when you are in town.","INBOX","","false","false"
"demo-conv-0108","","Talia Petrov","https://www.linkedin.com/in/talia-petrov-demo","Sam Rivera","https://www.linkedin.com/in/sam-rivera-demo","2025-08-13 17:47:17 UTC","","Sending over the doc now.","INBOX","","false","false"
"demo-conv-0032","","Lucia Abernathy","https://www.linkedin.com/in/lucia-abernathy-demo","Sam Rivera","https://www.linkedin.com/in/sam-rivera-demo","2025-08-13 09:50:48 UTC","","Sending over the doc now.","INBOX","","false","false"
"demo-conv-0086","","Callum Nakamura","https://www.linkedin.com/in/callum-nakamura-demo","Sam Rivera","https://www.linkedin.com/in/sam-rivera-demo","2025-08-12 23:07:56 UTC","","Sending over the doc now.","INBOX","","false","false"
"demo-conv-0000","","Sam Rivera","https://www.linkedin.com/in/sam-rivera-demo","Priya Okafor","https://www.linkedin.com/in/priya-okafor-demo","2025-08-11 16:41:00 UTC","","Thanks for the intro last week, that was really helpful.","INBOX","","false","false"
"demo-conv-0022","","Kofi Okafor","https://www.linkedin.com/in/kofi-okafor-demo","Sam Rivera","https://www.linkedin.com/in/sam-rivera-demo","2025-08-11 12:55:00 UTC","","Yes, sent it over.","INBOX","","false","false"
"demo-conv-0009","","Sam Rivera","https://www.linkedin.com/in/sam-rivera-demo","Hana Kowalski","https://www.linkedin.com/in/hana-kowalski-demo","2025-08-10 23:04:41 UTC","","Ha, exactly.","INBOX","","false","false"
"demo-conv-0111","","Dev Kowalski","https://www.linkedin.com/in/dev-kowalski-demo","Sam Rivera","https://www.linkedin.com/in/sam-rivera-demo","2025-08-10 09:26:16 UTC","","Appreciate it!","INBOX","","false","false"
"demo-conv-0107","","Sam Rivera","https://www.linkedin.com/in/sam-rivera-demo","Ingrid Delgado","https://www.linkedin.com/in/ingrid-delgado-demo","2025-08-07 21:59:51 UTC","","Let me check with the team and get back to you.","INBOX","","false","false"
"demo-conv-0114","","Jordan Eriksen","https://www.linkedin.com/in/jordan-eriksen-demo","Sam Rivera","https://www.linkedin.com/in/sam-rivera-demo","2025-08-06 06:16:34 UTC","","Would love to catch up when you are in town.","INBOX","","false","false"
"demo-conv-0069","","Sam Rivera","https://www.linkedin.com/in/sam-rivera-demo","Theo Lockhart","https://www.linkedin.com/in/theo-lockhart-demo","2025-08-05 13:51:47 UTC","","Following up on this.","INBOX","","false","false"
"demo-conv-0086","","Sam Rivera","https://www.linkedin.com/in/sam-rivera-demo","Callum Nakamura","https://www.linkedin.com/in/callum-nakamura-demo","2025-08-05 12:03:15 UTC","","Saw your post, great points on activation.","INBOX","","false","false"
"demo-conv-0010","","Wesley Marchetti","https://www.linkedin.com/in/wesley-marchetti-demo","Sam Rivera","https://www.linkedin.com/in/sam-rivera-demo","2025-08-04 15:52:53 UTC","","Do you have a template for that?","INBOX","","false","false"
"demo-conv-0078","","Sam Rivera","https://www.linkedin.com/in/sam-rivera-demo","Sofia Brennan","https://www.linkedin.com/in/sofia-brennan-demo","2025-08-04 15:41:00 UTC","","Let me check with the team and get back to you.","INBOX","","false","false"
"demo-conv-0108","","Sam Rivera","https://www.linkedin.com/in/sam-rivera-demo","Talia Petrov","https://www.linkedin.com/in/talia-petrov-demo","2025-08-03 22:29:42 UTC","","Following up on this.","INBOX","","false","false"
"demo-conv-0000","","Sam Rivera","https://www.linkedin.com/in/sam-rivera-demo","Priya Okafor","https://www.linkedin.com/in/priya-okafor-demo","2025-07-31 13:18:00 UTC","","That makes sense, thank you.","INBOX","","false","false"
"demo-conv-0024","","Sam Rivera","https://www.linkedin.com/in/sam-rivera-demo","Petra Quintero","https://www.linkedin.com/in/petra-quintero-demo","2025-07-30 12:07:00 UTC","","Do you have a template for that?","INBOX","","false","false"
"demo-conv-0097","","Amara Iyer","https://www.linkedin.com/in/amara-iyer-demo","Sam Rivera","https://www.linkedin.com/in/sam-rivera-demo","2025-07-30 08:34:00 UTC","","Let me check with the team and get back to you.","INBOX","","false","false"
"demo-conv-0038","","Sam Rivera","https://www.linkedin.com/in/sam-rivera-demo","Felix Grimaldi","https://www.linkedin.com/in/felix-grimaldi-demo","2025-07-29 17:46:54 UTC","","Following up on this.","INBOX","","false","false"
"demo-conv-0008","","Diego Adeyemi","https://www.linkedin.com/in/diego-adeyemi-demo","Sam Rivera","https://www.linkedin.com/in/sam-rivera-demo","2025-07-29 13:41:25 UTC","","Thanks for the intro last week, that was really helpful.","INBOX","","false","false"
"demo-conv-0116","","Sam Rivera","https://www.linkedin.com/in/sam-rivera-demo","Wren Petrov","https://www.linkedin.com/in/wren-petrov-demo","2025-07-29 00:38:00 UTC","","Appreciate it!","INBOX","","false","false"
"demo-conv-0086","","Callum Nakamura","https://www.linkedin.com/in/callum-nakamura-demo","Sam Rivera","https://www.linkedin.com/in/sam-rivera-demo","2025-07-28 14:51:34 UTC","","That makes sense, thank you.","INBOX","","false","false"
"demo-conv-0069","","Theo Lockhart","https://www.linkedin.com/in/theo-lockhart-demo","Sam Rivera","https://www.linkedin.com/in/sam-rivera-demo","2025-07-28 06:59:02 UTC","","Congrats on the launch!","INBOX","","false","false"
"demo-conv-0034","","Dev Adeyemi","https://www.linkedin.com/in/dev-adeyemi-demo","Sam Rivera","https://www.linkedin.com/in/sam-rivera-demo","2025-07-27 06:24:49 UTC","","Sure, works for me.","INBOX","","false","false"
"demo-conv-0032","","Lucia Abernathy","https://www.linkedin.com/in/lucia-abernathy-demo","Sam Rivera","https://www.linkedin.com/in/sam-rivera-demo","2025-07-26 02:45:19 UTC","","Thanks for the intro last week, that was really helpful.","INBOX","","false","false"
"demo-conv-0010","","Sam Rivera","https://www.linkedin.com/in/sam-rivera-demo","Wesley Marchetti","https://www.linkedin.com/in/wesley-marchetti-demo","2025-07-25 15:31:20 UTC","","Sending over the doc now.","INBOX","","false","false"
"demo-conv-0108","","Talia Petrov","https://www.linkedin.com/in/talia-petrov-demo","Sam Rivera","https://www.linkedin.com/in/sam-rivera-demo","2025-07-25 13:31:08 UTC","","Thanks for the intro last week, that was really helpful.","INBOX","","false","false"
"demo-conv-0061","","Sam Rivera","https://www.linkedin.com/in/sam-rivera-demo","Hana Abernathy","https://www.linkedin.com/in/hana-abernathy-demo","2025-07-24 13:21:00 UTC","","Would love to catch up when you are in town.","INBOX","","false","false"
"demo-conv-0081","","Callum Abernathy","https://www.linkedin.com/in/callum-abernathy-demo","Sam Rivera","https://www.linkedin.com/in/sam-rivera-demo","2025-07-23 22:31:00 UTC","","Sure, works for me.","INBOX","","false","false"
"demo-conv-0022","","Sam Rivera","https://www.linkedin.com/in/sam-rivera-demo","Kofi Okafor","https://www.linkedin.com/in/kofi-okafor-demo","2025-07-23 13:44:00 UTC","","Are you around for a call Thursday?","INBOX","","false","false"
"demo-conv-0042","","Sam Rivera","https://www.linkedin.com/in/sam-rivera-demo","Rafael Iyer","https://www.linkedin.com/in/rafael-iyer-demo","2025-07-22 20:52:00 UTC","","Yes, sent it over.","INBOX","","false","false"
"demo-conv-0086","","Sam Rivera","https://www.linkedin.com/in/sam-rivera-demo","Callum Nakamura","https://www.linkedin.com/in/callum-nakamura-demo","2025-07-21 03:25:53 UTC","","Sending over the doc now.","INBOX","","false","false"
"demo-conv-0000","","Priya Okafor","https://www.linkedin.com/in/priya-okafor-demo","Sam Rivera","https://www.linkedin.com/in/sam-rivera-demo","2025-07-20 18:42:00 UTC","","Following up on this.","INBOX","","false","false"
"demo-conv-0016","","Sloane Kowalski","https://www.linkedin.com/in/sloane-kowalski-demo","Sam Rivera","https://www.linkedin.com/in/sam-rivera-demo","2025-07-20 18:30:34 UTC","","Yes, sent it over.","INBOX","","false","false"
"demo-conv-0069","","Sam Rivera","https://www.linkedin.com/in/sam-rivera-demo","Theo Lockhart","https://www.linkedin.com/in/theo-lockhart-demo","2025-07-19 19:38:16 UTC","","Are you around for a call Thursday?","INBOX","","false","false"
"demo-conv-0047","","Leo Iyer","https://www.linkedin.com/in/leo-iyer-demo","Sam Rivera","https://www.linkedin.com/in/sam-rivera-demo","2025-07-18 16:08:17 UTC","","Following up on this.","INBOX","","false","false"
"demo-conv-0117","","Jonas Grimaldi","https://www.linkedin.com/in/jonas-grimaldi-demo","Sam Rivera","https://www.linkedin.com/in/sam-rivera-demo","2025-07-17 10:44:25 UTC","","Following up on this.","INBOX","","false","false"
"demo-conv-0084","","Sam Rivera","https://www.linkedin.com/in/sam-rivera-demo","Otto Iyer","https://www.linkedin.com/in/otto-iyer-demo","2025-07-16 23:51:00 UTC","","Yes, sent it over.","INBOX","","false","false"
"demo-conv-0010","","Wesley Marchetti","https://www.linkedin.com/in/wesley-marchetti-demo","Sam Rivera","https://www.linkedin.com/in/sam-rivera-demo","2025-07-16 03:38:46 UTC","","Yes, sent it over.","INBOX","","false","false"
"demo-conv-0108","","Sam Rivera","https://www.linkedin.com/in/sam-rivera-demo","Talia Petrov","https://www.linkedin.com/in/talia-petrov-demo","2025-07-15 20:43:34 UTC","","Would love to catch up when you are in town.","INBOX","","false","false"
"demo-conv-0107","","Ingrid Delgado","https://www.linkedin.com/in/ingrid-delgado-demo","Sam Rivera","https://www.linkedin.com/in/sam-rivera-demo","2025-07-15 02:09:25 UTC","","Are you around for a call Thursday?","INBOX","","false","false"
"demo-conv-0086","","Callum Nakamura","https://www.linkedin.com/in/callum-nakamura-demo","Sam Rivera","https://www.linkedin.com/in/sam-rivera-demo","2025-07-13 15:26:12 UTC","","Appreciate it!","INBOX","","false","false"
"demo-conv-0120","","Greta Osei","https://www.linkedin.com/in/greta-osei-demo","Sam Rivera","https://www.linkedin.com/in/sam-rivera-demo","2025-07-12 13:45:00 UTC","","Do you have a template for that?","INBOX","","false","false"
"demo-conv-0069","","Theo Lockhart","https://www.linkedin.com/in/theo-lockhart-demo","Sam Rivera","https://www.linkedin.com/in/sam-rivera-demo","2025-07-11 15:36:30 UTC","","Ha, exactly.","INBOX","","false","false"
"demo-conv-0000","","Sam Rivera","https://www.linkedin.com/in/sam-rivera-demo","Priya Okafor","https://www.linkedin.com/in/priya-okafor-demo","2025-07-09 16:56:00 UTC","","Congrats on the launch!","INBOX","","false","false"
"demo-conv-0009","","Hana Kowalski","https://www.linkedin.com/in/hana-kowalski-demo","Sam Rivera","https://www.linkedin.com/in/sam-rivera-demo","2025-07-09 15:51:27 UTC","","That makes sense, thank you.","INBOX","","false","false"
"demo-conv-0032","","Sam Rivera","https://www.linkedin.com/in/sam-rivera-demo","Lucia Abernathy","https://www.linkedin.com/in/lucia-abernathy-demo","2025-07-08 05:16:50 UTC","","Are you around for a call Thursday?","INBOX","","false","false"
"demo-conv-0097","","Sam Rivera","https://www.linkedin.com/in/sam-rivera-demo","Amara Iyer","https://www.linkedin.com/in/amara-iyer-demo","2025-07-07 00:09:00 UTC","","Ha, exactly.","INBOX","","false","false"
"demo-conv-0078","","Sofia Brennan","https://www.linkedin.com/in/sofia-brennan-demo","Sam Rivera","https://www.linkedin.com/in/sam-rivera-demo","2025-07-06 18:32:00 UTC","","Following up on this.","INBOX","","false","false"
"demo-conv-0108","","Talia Petrov","https://www.linkedin.com/in/talia-petrov-demo","Sam Rivera","https://www.linkedin.com/in/sam-rivera-demo","2025-07-06 03:15:00 UTC","","Do you have a template for that?","INBOX","","false","false"
"demo-conv-0010","","Sam Rivera","https://www.linkedin.com/in/sam-rivera-demo","Wesley Marchetti","https://www.linkedin.com/in/wesley-marchetti-demo","2025-07-06 00:08:12 UTC","","Following up on this.","INBOX","","false","false"
"demo-conv-0086","","Sam Rivera","https://www.linkedin.com/in/sam-rivera-demo","Callum Nakamura","https://www.linkedin.com/in/callum-nakamura-demo","2025-07-05 21:59:31 UTC","","Are you around for a call Thursday?","INBOX","","false","false"
"demo-conv-0077","","Sam Rivera","https://www.linkedin.com/in/sam-rivera-demo","Sloane Castellano","https://www.linkedin.com/in/sloane-castellano-demo","2025-07-04 22:04:00 UTC","","Congrats on the launch!","INBOX","","false","false"
"demo-conv-0034","","Sam Rivera","https://www.linkedin.com/in/sam-rivera-demo","Dev Adeyemi","https://www.linkedin.com/in/dev-adeyemi-demo","2025-07-04 04:10:28 UTC","","Ha, exactly.","INBOX","","false","false"
"demo-conv-0061","","Hana Abernathy","https://www.linkedin.com/in/hana-abernathy-demo","Sam Rivera","https://www.linkedin.com/in/sam-rivera-demo","2025-07-04 01:22:00 UTC","","Sending over the doc now.","INBOX","","false","false"
"demo-conv-0069","","Sam Rivera","https://www.linkedin.com/in/sam-rivera-demo","Theo Lockhart","https://www.linkedin.com/in/theo-lockhart-demo","2025-07-03 07:10:45 UTC","","Let me check with the team and get back to you.","INBOX","","false","false"
"demo-conv-0111","","Sam Rivera","https://www.linkedin.com/in/sam-rivera-demo","Dev Kowalski","https://www.linkedin.com/in/dev-kowalski-demo","2025-07-02 15:36:54 UTC","","Sending over the doc now.","INBOX","","false","false"
"demo-conv-0060","","Sam Rivera","https://www.linkedin.com/in/sam-rivera-demo","Mila Lockhart","https://www.linkedin.com/in/mila-lockhart-demo","2025-06-29 21:15:00 UTC","","Congrats on the launch!","INBOX","","false","false"
"demo-conv-0042","","Rafael Iyer","https://www.linkedin.com/in/rafael-iyer-demo","Sam Rivera","https://www.linkedin.com/in/sam-rivera-demo","2025-06-29 09:10:00 UTC","","Yes, sent it over.","INBOX","","false","false"
"demo-conv-0000","","Priya Okafor","https://www.linkedin.com/in/priya-okafor-demo","Sam Rivera","https://www.linkedin.com/in/sam-rivera-demo","2025-06-28 15:20:00 UTC","","Quick question about the onboarding flow.","INBOX","","false","false"
"demo-conv-0086","","Callum Nakamura","https://www.linkedin.com/in/callum-nakamura-demo","Sam Rivera","https://www.linkedin.com/in/sam-rivera-demo","2025-06-28 13:01:50 UTC","","Yes, sent it over.","INBOX","","false","false"
"demo-conv-0081","","Sam Rivera","https://www.linkedin.com/in/sam-rivera-demo","Callum Abernathy","https://www.linkedin.com/in/callum-abernathy-demo","2025-06-27 10:47:00 UTC","","Sure, works for me.","INBOX","","false","false"
"demo-conv-0060","","Mila Lockhart","https://www.linkedin.com/in/mila-lockhart-demo","Sam Rivera","https://www.linkedin.com/in/sam-rivera-demo","2025-06-27 04:32:00 UTC","","Do you have a template for that?","INBOX","","false","false"
"demo-conv-0108","","Sam Rivera","https://www.linkedin.com/in/sam-rivera-demo","Talia Petrov","https://www.linkedin.com/in/talia-petrov-demo","2025-06-26 14:04:25 UTC","","Congrats on the launch!","INBOX","","false","false"
"demo-conv-0008","","Sam Rivera","https://www.linkedin.com/in/sam-rivera-demo","Diego Adeyemi","https://www.linkedin.com/in/diego-adeyemi-demo","2025-06-26 01:08:09 UTC","","That makes sense, thank you.","INBOX","","false","false"
"demo-conv-0010","","Wesley Marchetti","https://www.linkedin.com/in/wesley-marchetti-demo","Sam Rivera","https://www.linkedin.com/in/sam-rivera-demo","2025-06-25 22:47:39 UTC","","Sure, works for me.","INBOX","","false","false"
"demo-conv-0069","","Theo Lockhart","https://www.linkedin.com/in/theo-lockhart-demo","Sam Rivera","https://www.linkedin.com/in/sam-rivera-demo","2025-06-25 02:15:59 UTC","","That makes sense, thank you.","INBOX","","false","false"
"demo-conv-0060","","Sam Rivera","https://www.linkedin.com/in/sam-rivera-demo","Mila Lockhart","https://www.linkedin.com/in/mila-lockhart-demo","2025-06-24 12:41:00 UTC","","Do you have a template for that?","INBOX","","false","false"
"demo-conv-0024","","Petra Quintero","https://www.linkedin.com/in/petra-quintero-demo","Sam Rivera","https://www.linkedin.com/in/sam-rivera-demo","2025-06-24 05:48:00 UTC","","Sending over the doc now.","INBOX","","false","false"
"demo-conv-0086","","Sam Rivera","https://www.linkedin.com/in/sam-rivera-demo","Callum Nakamura","https://www.linkedin.com/in/callum-nakamura-demo","2025-06-21 02:57:09 UTC","","Would love to catch up when you are in town.","INBOX","","false","false"
"demo-conv-0107","","Sam Rivera","https://www.linkedin.com/in/sam-rivera-demo","Ingrid Delgado","https://www.linkedin.com/in/ingrid-delgado-demo","2025-06-20 20:44:00 UTC","","Let me check with the team and get back to you.","INBOX","","false","false"
"demo-conv-0032","","Lucia Abernathy","https://www.linkedin.com/in/lucia-abernathy-demo","Sam Rivera","https://www.linkedin.com/in/sam-rivera-demo","2025-06-20 01:18:21 UTC","","Do you have a template for that?","INBOX","","false","false"
"demo-conv-0000","","Sam Rivera","https://www.linkedin.com/in/sam-rivera-demo","Priya Okafor","https://www.linkedin.com/in/priya-okafor-demo","2025-06-17 17:46:00 UTC","","Quick question about the onboarding flow.","INBOX","","false","false"
"demo-conv-0117","","Sam Rivera","https://www.linkedin.com/in/sam-rivera-demo","Jonas Grimaldi","https://www.linkedin.com/in/jonas-grimaldi-demo","2025-06-17 04:07:08 UTC","","Congrats on the launch!","INBOX","","false","false"
"demo-conv-0108","","Talia Petrov","https://www.linkedin.com/in/talia-petrov-demo","Sam Rivera","https://www.linkedin.com/in/sam-rivera-demo","2025-06-17 02:01:51 UTC","","Would love to catch up when you are in town.","INBOX","","false","false"
"demo-conv-0116","","Wren Petrov","https://www.linkedin.com/in/wren-petrov-demo","Sam Rivera","https://www.linkedin.com/in/sam-rivera-demo","2025-06-16 18:24:00 UTC","","Do you have a template for that?","INBOX","","false","false"
"demo-conv-0073","","Sam Rivera","https://www.linkedin.com/in/sam-rivera-demo","Sloane Haddad","https://www.linkedin.com/in/sloane-haddad-demo","2025-06-16 14:20:00 UTC","","Yes, sent it over.","INBOX","","false","false"
"demo-conv-0069","","Sam Rivera","https://www.linkedin.com/in/sam-rivera-demo","Theo Lockhart","https://www.linkedin.com/in/theo-lockhart-demo","2025-06-16 13:45:13 UTC","","Quick question about the onboarding flow.","INBOX","","false","false"
"demo-conv-0073","","Sloane Haddad","https://www.linkedin.com/in/sloane-haddad-demo","Sam Rivera","https://www.linkedin.com/in/sam-rivera-demo","2025-06-16 01:34:00 UTC","","Ha, exactly.","INBOX","","false","false"
"demo-conv-0010","","Sam Rivera","https://www.linkedin.com/in/sam-rivera-demo","Wesley Marchetti","https://www.linkedin.com/in/wesley-marchetti-demo","2025-06-16 01:31:05 UTC","","Are you around for a call Thursday?","INBOX","","false","false"
"demo-conv-0073","","Sam Rivera","https://www.linkedin.com/in/sam-rivera-demo","Sloane Haddad","https://www.linkedin.com/in/sloane-haddad-demo","2025-06-15 14:52:00 UTC","","That makes sense, thank you.","INBOX","","false","false"
"demo-conv-0047","","Sam Rivera","https://www.linkedin.com/in/sam-rivera-demo","Leo Iyer","https://www.linkedin.com/in/leo-iyer-demo","2025-06-15 01:15:42 UTC","","Sending over the doc now.","INBOX","","false","false"
"demo-conv-0061","","Sam Rivera","https://www.linkedin.com/in/sam-rivera-demo","Hana Abernathy","https://www.linkedin.com/in/hana-abernathy-demo","2025-06-13 22:57:00 UTC","","Saw your post, great points on activation.","INBOX","","false","false"
"demo-conv-0097","","Amara Iyer","https://www.linkedin.com/in/amara-iyer-demo","Sam Rivera","https://www.linkedin.com/in/sam-rivera-demo","2025-06-13 19:54:00 UTC","","Quick question about the onboarding flow.","INBOX","","false","false"
"demo-conv-0086","","Callum Nakamura","https://www.linkedin.com/in/callum-nakamura-demo","Sam Rivera","https://www.linkedin.com/in/sam-rivera-demo","2025-06-13 13:06:28 UTC","","Ha, exactly.","INBOX","","false","false"
"demo-conv-0016","","Sam Rivera","https://www.linkedin.com/in/sam-rivera-demo","Sloane Kowalski","https://www.linkedin.com/in/sloane-kowalski-demo","2025-06-13 02:12:51 UTC","","Do you have a template for that?","INBOX","","false","false"
"demo-conv-0034","","Dev Adeyemi","https://www.linkedin.com/in/dev-adeyemi-demo","Sam Rivera","https://www.linkedin.com/in/sam-rivera-demo","2025-06-11 08:23:08 UTC","","Sending over the doc now.","INBOX","","false","false"
"demo-conv-0084","","Otto Iyer","https://www.linkedin.com/in/otto-iyer-demo","Sam Rivera","https://www.linkedin.com/in/sam-rivera-demo","2025-06-10 12:21:00 UTC","","Would love to catch up when you are in town.","INBOX","","false","false"
"demo-conv-0069","","Theo Lockhart","https://www.linkedin.com/in/theo-lockhart-demo","Sam Rivera","https://www.linkedin.com/in/sam-rivera-demo","2025-06-08 11:33:28 UTC","","Do you have a template for that?","INBOX","","false","false"
"demo-conv-0078","","Sofia Brennan","https://www.linkedin.com/in/sofia-brennan-demo","Sam Rivera","https://www.linkedin.com/in/sam-rivera-demo","2025-06-08 08:10:00 UTC","","Are you around for a call Thursday?","INBOX","","false","false"
"demo-conv-0009","","Sam Rivera","https://www.linkedin.com/in/sam-rivera-demo","Hana Kowalski","https://www.linkedin.com/in/hana-kowalski-demo","2025-06-07 19:32:13 UTC","","Sure, works for me.","INBOX","","false","false"
"demo-conv-0108","","Sam Rivera","https://www.linkedin.com/in/sam-rivera-demo","Talia Petrov","https://www.linkedin.com/in/talia-petrov-demo","2025-06-07 11:03:17 UTC","","Yes, sent it over.","INBOX","","false","false"
"demo-conv-0000","","Priya Okafor","https://www.linkedin.com/in/priya-okafor-demo","Sam Rivera","https://www.linkedin.com/in/sam-rivera-demo","2025-06-06 17:39:00 UTC","","Appreciate it!","INBOX","","false","false"
"demo-conv-0010","","Wesley Marchetti","https://www.linkedin.com/in/wesley-marchetti-demo","Sam Rivera","https://www.linkedin.com/in/sam-rivera-demo","2025-06-06 12:08:31 UTC","","Let me check with the team and get back to you.","INBOX","","false","false"
"demo-conv-0042","","Sam Rivera","https://www.linkedin.com/in/sam-rivera-demo","Rafael Iyer","https://www.linkedin.com/in/rafael-iyer-demo","2025-06-06 09:16:00 UTC","","Sending over the doc now.","INBOX","","false","false"
"demo-conv-0086","","Sam Rivera","https://www.linkedin.com/in/sam-rivera-demo","Callum Nakamura","https://www.linkedin.com/in/callum-nakamura-demo","2025-06-05 19:03:47 UTC","","Sending over the doc now.","INBOX","","false","false"
"demo-conv-0038","","Felix Grimaldi","https://www.linkedin.com/in/felix-grimaldi-demo","Sam Rivera","https://www.linkedin.com/in/sam-rivera-demo","2025-06-02 10:47:05 UTC","","Appreciate it!","INBOX","","false","false"
"demo-conv-0032","","Sam Rivera","https://www.linkedin.com/in/sam-rivera-demo","Lucia Abernathy","https://www.linkedin.com/in/lucia-abernathy-demo","2025-06-01 13:19:52 UTC","","That makes sense, thank you.","INBOX","","false","false"
"demo-conv-0081","","Callum Abernathy","https://www.linkedin.com/in/callum-abernathy-demo","Sam Rivera","https://www.linkedin.com/in/sam-rivera-demo","2025-06-01 09:56:00 UTC","","Would love to catch up when you are in town.","INBOX","","false","false"
"demo-conv-0069","","Sam Rivera","https://www.linkedin.com/in/sam-rivera-demo","Theo Lockhart","https://www.linkedin.com/in/theo-lockhart-demo","2025-05-30 23:17:42 UTC","","Following up on this.","INBOX","","false","false"
"demo-conv-0086","","Callum Nakamura","https://www.linkedin.com/in/callum-nakamura-demo","Sam Rivera","https://www.linkedin.com/in/sam-rivera-demo","2025-05-29 09:07:06 UTC","","Quick question about the onboarding flow.","INBOX","","false","false"
"demo-conv-0108","","Talia Petrov","https://www.linkedin.com/in/talia-petrov-demo","Sam Rivera","https://www.linkedin.com/in/sam-rivera-demo","2025-05-28 23:38:42 UTC","","Are you around for a call Thursday?","INBOX","","false","false"
"demo-conv-0107","","Sam Rivera","https://www.linkedin.com/in/sam-rivera-demo","Ingrid Delgado","https://www.linkedin.com/in/ingrid-delgado-demo","2025-05-27 23:44:34 UTC","","Do you have a template for that?","INBOX","","false","false"
"demo-conv-0010","","Sam Rivera","https://www.linkedin.com/in/sam-rivera-demo","Wesley Marchetti","https://www.linkedin.com/in/wesley-marchetti-demo","2025-05-27 08:57:57 UTC","","Let me check with the team and get back to you.","INBOX","","false","false"
"demo-conv-0000","","Sam Rivera","https://www.linkedin.com/in/sam-rivera-demo","Priya Okafor","https://www.linkedin.com/in/priya-okafor-demo","2025-05-26 17:52:00 UTC","","Congrats on the launch!","INBOX","","false","false"
"demo-conv-0114","","Sam Rivera","https://www.linkedin.com/in/sam-rivera-demo","Jordan Eriksen","https://www.linkedin.com/in/jordan-eriksen-demo","2025-05-26 05:26:51 UTC","","Yes, sent it over.","INBOX","","false","false"
"demo-conv-0111","","Dev Kowalski","https://www.linkedin.com/in/dev-kowalski-demo","Sam Rivera","https://www.linkedin.com/in/sam-rivera-demo","2025-05-25 03:52:32 UTC","","Congrats on the launch!","INBOX","","false","false"
"demo-conv-0120","","Sam Rivera","https://www.linkedin.com/in/sam-rivera-demo","Greta Osei","https://www.linkedin.com/in/greta-osei-demo","2025-05-25 02:59:00 UTC","","Sending over the doc now.","INBOX","","false","false"
"demo-conv-0061","","Hana Abernathy","https://www.linkedin.com/in/hana-abernathy-demo","Sam Rivera","https://www.linkedin.com/in/sam-rivera-demo","2025-05-24 10:17:00 UTC","","Ha, exactly.","INBOX","","false","false"
"demo-conv-0008","","Diego Adeyemi","https://www.linkedin.com/in/diego-adeyemi-demo","Sam Rivera","https://www.linkedin.com/in/sam-rivera-demo","2025-05-23 08:14:53 UTC","","Let me check with the team and get back to you.","INBOX","","false","false"
"demo-conv-0069","","Theo Lockhart","https://www.linkedin.com/in/theo-lockhart-demo","Sam Rivera","https://www.linkedin.com/in/sam-rivera-demo","2025-05-22 18:38:56 UTC","","Let me check with the team and get back to you.","INBOX","","false","false"
"demo-conv-0086","","Sam Rivera","https://www.linkedin.com/in/sam-rivera-demo","Callum Nakamura","https://www.linkedin.com/in/callum-nakamura-demo","2025-05-21 14:36:25 UTC","","Ha, exactly.","INBOX","","false","false"
"demo-conv-0097","","Sam Rivera","https://www.linkedin.com/in/sam-rivera-demo","Amara Iyer","https://www.linkedin.com/in/amara-iyer-demo","2025-05-21 14:23:00 UTC","","Thanks for the intro last week, that was really helpful.","INBOX","","false","false"
"demo-conv-0108","","Sam Rivera","https://www.linkedin.com/in/sam-rivera-demo","Talia Petrov","https://www.linkedin.com/in/talia-petrov-demo","2025-05-19 13:11:08 UTC","","Yes, sent it over.","INBOX","","false","false"
"demo-conv-0034","","Sam Rivera","https://www.linkedin.com/in/sam-rivera-demo","Dev Adeyemi","https://www.linkedin.com/in/dev-adeyemi-demo","2025-05-19 06:00:47 UTC","","Are you around for a call Thursday?","INBOX","","false","false"
"demo-conv-0024","","Sam Rivera","https://www.linkedin.com/in/sam-rivera-demo","Petra Quintero","https://www.linkedin.com/in/petra-quintero-demo","2025-05-18 20:51:00 UTC","","Following up on this.","INBOX","","false","false"
"demo-conv-0077","","Sam Rivera","https://www.linkedin.com/in/sam-rivera-demo","Sloane Castellano","https://www.linkedin.com/in/sloane-castellano-demo","2025-05-18 03:25:00 UTC","","Congrats on the launch!","INBOX","","false","false"
"demo-conv-0117","","Jonas Grimaldi","https://www.linkedin.com/in/jonas-grimaldi-demo","Sam Rivera","https://www.linkedin.com/in/sam-rivera-demo","2025-05-17 20:26:51 UTC","","Do you have a template for that?","INBOX","","false","false"
"demo-conv-0010","","Wesley Marchetti","https://www.linkedin.com/in/wesley-marchetti-demo","Sam Rivera","https://www.linkedin.com/in/sam-rivera-demo","2025-05-17 13:19:24 UTC","","Let me check with the team and get back to you.","INBOX","","false","false"
"demo-conv-0000","","Priya Okafor","https://www.linkedin.com/in/priya-okafor-demo","Sam Rivera","https://www.linkedin.com/in/sam-rivera-demo","2025-05-15 17:09:00 UTC","","That makes sense, thank you.","INBOX","","false","false"
"demo-conv-0069","","Sam Rivera","https://www.linkedin.com/in/sam-rivera-demo","Theo Lockhart","https://www.linkedin.com/in/theo-lockhart-demo","2025-05-14 12:09:11 UTC","","Thanks for the intro last week, that was really helpful.","INBOX","","false","false"
"demo-conv-0032","","Lucia Abernathy","https://www.linkedin.com/in/lucia-abernathy-demo","Sam Rivera","https://www.linkedin.com/in/sam-rivera-demo","2025-05-14 12:00:23 UTC","","Do you have a template for that?","INBOX","","false","false"
"demo-conv-0042","","Rafael Iyer","https://www.linkedin.com/in/rafael-iyer-demo","Sam Rivera","https://www.linkedin.com/in/sam-rivera-demo","2025-05-14 07:40:00 UTC","","Are you around for a call Thursday?","INBOX","","false","false"
"demo-conv-0086","","Callum Nakamura","https://www.linkedin.com/in/callum-nakamura-demo","Sam Rivera","https://www.linkedin.com/in/sam-rivera-demo","2025-05-13 22:26:44 UTC","","Are you around for a call Thursday?","INBOX","","false","false"
"demo-conv-0047","","Leo Iyer","https://www.linkedin.com/in/leo-iyer-demo","Sam Rivera","https://www.linkedin.com/in/sam-rivera-demo","2025-05-12 01:36:08 UTC","","Following up on this.","INBOX","","false","false"
"demo-conv-0078","","Sam Rivera","https://www.linkedin.com/in/sam-rivera-demo","Sofia Brennan","https://www.linkedin.com/in/sofia-brennan-demo","2025-05-10 12:20:00 UTC","","Are you around for a call Thursday?","INBOX","","false","false"
"demo-conv-0108","","Talia Petrov","https://www.linkedin.com/in/talia-petrov-demo","Sam Rivera","https://www.linkedin.com/in/sam-rivera-demo","2025-05-10 00:18:34 UTC","","Are you around for a call Thursday?","INBOX","","false","false"
"demo-conv-0010","","Sam Rivera","https://www.linkedin.com/in/sam-rivera-demo","Wesley Marchetti","https://www.linkedin.com/in/wesley-marchetti-demo","2025-05-07 10:32:50 UTC","","Sure, works for me.","INBOX","","false","false"
"demo-conv-0086","","Sam Rivera","https://www.linkedin.com/in/sam-rivera-demo","Callum Nakamura","https://www.linkedin.com/in/callum-nakamura-demo","2025-05-06 15:23:03 UTC","","Quick question about the onboarding flow.","INBOX","","false","false"
"demo-conv-0009","","Hana Kowalski","https://www.linkedin.com/in/hana-kowalski-demo","Sam Rivera","https://www.linkedin.com/in/sam-rivera-demo","2025-05-06 12:57:00 UTC","","That makes sense, thank you.","INBOX","","false","false"
"demo-conv-0069","","Theo Lockhart","https://www.linkedin.com/in/theo-lockhart-demo","Sam Rivera","https://www.linkedin.com/in/sam-rivera-demo","2025-05-06 02:33:25 UTC","","Are you around for a call Thursday?","INBOX","","false","false"
"demo-conv-0016","","Sloane Kowalski","https://www.linkedin.com/in/sloane-kowalski-demo","Sam Rivera","https://www.linkedin.com/in/sam-rivera-demo","2025-05-05 23:07:08 UTC","","Sending over the doc now.","INBOX","","false","false"
"demo-conv-0081","","Sam Rivera","https://www.linkedin.com/in/sam-rivera-demo","Callum Abernathy","https://www.linkedin.com/in/callum-abernathy-demo","2025-05-05 22:44:00 UTC","","Saw your post, great points on activation.","INBOX","","false","false"
"demo-conv-0116","","Sam Rivera","https://www.linkedin.com/in/sam-rivera-demo","Wren Petrov","https://www.linkedin.com/in/wren-petrov-demo","2025-05-05 04:45:00 UTC","","Saw your post, great points on activation.","INBOX","","false","false"
"demo-conv-0084","","Sam Rivera","https://www.linkedin.com/in/sam-rivera-demo","Otto Iyer","https://www.linkedin.com/in/otto-iyer-demo","2025-05-04 15:12:00 UTC","","Ha, exactly.","INBOX","","false","false"
"demo-conv-0000","","Priya Okafor","https://www.linkedin.com/in/priya-okafor-demo","Sam Rivera","https://www.linkedin.com/in/sam-rivera-demo","2025-05-04 12:03:00 UTC","","That makes sense, thank you.","INBOX","","false","false"
"demo-conv-0061","","Sam Rivera","https://www.linkedin.com/in/sam-rivera-demo","Hana Abernathy","https://www.linkedin.com/in/hana-abernathy-demo","2025-05-04 07:19:00 UTC","","Yes, sent it over.","INBOX","","false","false"
"demo-conv-0107","","Sam Rivera","https://www.linkedin.com/in/sam-rivera-demo","Ingrid Delgado","https://www.linkedin.com/in/ingrid-delgado-demo","2025-05-04 04:31:08 UTC","","Are you around for a call Thursday?","INBOX","","false","false"
"demo-conv-0108","","Sam Rivera","https://www.linkedin.com/in/sam-rivera-demo","Talia Petrov","https://www.linkedin.com/in/talia-petrov-demo","2025-04-30 02:01:00 UTC","","Thanks for the intro last week, that was really helpful.","INBOX","","false","false"
"demo-conv-0086","","Callum Nakamura","https://www.linkedin.com/in/callum-nakamura-demo","Sam Rivera","https://www.linkedin.com/in/sam-rivera-demo","2025-04-28 23:31:22 UTC","","That makes sense, thank you.","INBOX","","false","false"
"demo-conv-0097","","Amara Iyer","https://www.linkedin.com/in/amara-iyer-demo","Sam Rivera","https://www.linkedin.com/in/sam-rivera-demo","2025-04-28 13:29:00 UTC","","Following up on this.","INBOX","","false","false"
"demo-conv-0069","","Sam Rivera","https://www.linkedin.com/in/sam-rivera-demo","Theo Lockhart","https://www.linkedin.com/in/theo-lockhart-demo","2025-04-27 21:33:39 UTC","","Appreciate it!","INBOX","","false","false"
"demo-conv-0010","","Wesley Marchetti","https://www.linkedin.com/in/wesley-marchetti-demo","Sam Rivera","https://www.linkedin.com/in/sam-rivera-demo","2025-04-27 18:38:16 UTC","","Saw your post, great points on activation.","INBOX","","false","false"
"demo-conv-0032","","Sam Rivera","https://www.linkedin.com/in/sam-rivera-demo","Lucia Abernathy","https://www.linkedin.com/in/lucia-abernathy-demo","2025-04-26 07:01:54 UTC","","Thanks for the intro last week, that was really helpful.","INBOX","","false","false"
"demo-conv-0034","","Dev Adeyemi","https://www.linkedin.com/in/dev-adeyemi-demo","Sam Rivera","https://www.linkedin.com/in/sam-rivera-demo","2025-04-26 05:14:26 UTC","","That makes sense, thank you.","INBOX","","false","false"
"demo-conv-0000","","Priya Okafor","https://www.linkedin.com/in/priya-okafor-demo","Sam Rivera","https://www.linkedin.com/in/sam-rivera-demo","2025-04-23 20:17:00 UTC","","Are you around for a call Thursday?","INBOX","","false","false"
"demo-conv-0086","","Sam Rivera","https://www.linkedin.com/in/sam-rivera-demo","Callum Nakamura","https://www.linkedin.com/in/callum-nakamura-demo","2025-04-21 04:11:41 UTC","","Quick question about the onboarding flow.","INBOX","","false","false"
"demo-conv-0042","","Rafael Iyer","https://www.linkedin.com/in/rafael-iyer-demo","Sam Rivera","https://www.linkedin.com/in/sam-rivera-demo","2025-04-21 01:29:00 UTC","","Appreciate it!","INBOX","","false","false"
"demo-conv-0108","","Talia Petrov","https://www.linkedin.com/in/talia-petrov-demo","Sam Rivera","https://www.linkedin.com/in/sam-rivera-demo","2025-04-20 12:58:25 UTC","","Following up on this.","INBOX","","false","false"
"demo-conv-0069","","Theo Lockhart","https://www.linkedin.com/in/theo-lockhart-demo","Sam Rivera","https://www.linkedin.com/in/sam-rivera-demo","2025-04-19 17:04:54 UTC","","Ha, exactly.","INBOX","","false","false"
"demo-conv-0008","","Sam Rivera","https://www.linkedin.com/in/sam-rivera-demo","Diego Adeyemi","https://www.linkedin.com/in/diego-adeyemi-demo","2025-04-19 16:16:37 UTC","","Sure, works for me.","INBOX","","false","false"
"demo-conv-0010","","Sam Rivera","https://www.linkedin.com/in/sam-rivera-demo","Wesley Marchetti","https://www.linkedin.com/in/wesley-marchetti-demo","2025-04-17 13:53:43 UTC","","Let me check with the team and get back to you.","INBOX","","false","false"
"demo-conv-0117","","Sam Rivera","https://www.linkedin.com/in/sam-rivera-demo","Jonas Grimaldi","https://www.linkedin.com/in/jonas-grimaldi-demo","2025-04-17 05:59:34 UTC","","Appreciate it!","INBOX","","false","false"
"demo-conv-0111","","Sam Rivera","https://www.linkedin.com/in/sam-rivera-demo","Dev Kowalski","https://www.linkedin.com/in/dev-kowalski-demo","2025-04-16 14:20:10 UTC","","Congrats on the launch!","INBOX","","false","false"
"demo-conv-0061","","Hana Abernathy","https://www.linkedin.com/in/hana-abernathy-demo","Sam Rivera","https://www.linkedin.com/in/sam-rivera-demo","2025-04-13 22:14:00 UTC","","Saw your post, great points on activation.","INBOX","","false","false"
"demo-conv-0086","","Callum Nakamura","https://www.linkedin.com/in/callum-nakamura-demo","Sam Rivera","https://www.linkedin.com/in/sam-rivera-demo","2025-04-13 16:09:00 UTC","","Are you around for a call Thursday?","INBOX","","false","false"
"demo-conv-0000","","Sam Rivera","https://www.linkedin.com/in/sam-rivera-demo","Priya Okafor","https://www.linkedin.com/in/priya-okafor-demo","2025-04-12 18:13:00 UTC","","Quick question about the onboarding flow.","INBOX","","false","false"
"demo-conv-0024","","Petra Quintero","https://www.linkedin.com/in/petra-quintero-demo","Sam Rivera","https://www.linkedin.com/in/sam-rivera-demo","2025-04-12 06:44:00 UTC","","Sending over the doc now.","INBOX","","false","false"
"demo-conv-0078","","Sam Rivera","https://www.linkedin.com/in/sam-rivera-demo","Sofia Brennan","https://www.linkedin.com/in/sofia-brennan-demo","2025-04-11 14:21:00 UTC","","Thanks for the intro last week, that was really helpful.","INBOX","","false","false"
"demo-conv-0069","","Sam Rivera","https://www.linkedin.com/in/sam-rivera-demo","Theo Lockhart","https://www.linkedin.com/in/theo-lockhart-demo","2025-04-11 03:36:08 UTC","","Do you have a template for that?","INBOX","","false","false"
"demo-conv-0108","","Sam Rivera","https://www.linkedin.com/in/sam-rivera-demo","Talia Petrov","https://www.linkedin.com/in/talia-petrov-demo","2025-04-10 21:53:51 UTC","","Following up on this.","INBOX","","false","false"
"demo-conv-0107","","Ingrid Delgado","https://www.linkedin.com/in/ingrid-delgado-demo","Sam Rivera","https://www.linkedin.com/in/sam-rivera-demo","2025-04-10 02:54:42 UTC","","Following up on this.","INBOX","","false","false"
"demo-conv-0081","","Sam Rivera","https://www.linkedin.com/in/sam-rivera-demo","Callum Abernathy","https://www.linkedin.com/in/callum-abernathy-demo","2025-04-09 20:20:00 UTC","","Ha, exactly.","INBOX","","false","false"
"demo-conv-0003","","Elena Castellano","https://www.linkedin.com/in/elena-castellano-demo","Sam Rivera","https://www.linkedin.com/in/sam-rivera-demo","2025-04-09 17:11:00 UTC","","Sure, works for me.","INBOX","","false","false"
"demo-conv-0003","","Sam Rivera","https://www.linkedin.com/in/sam-rivera-demo","Elena Castellano","https://www.linkedin.com/in/elena-castellano-demo","2025-04-09 15:58:00 UTC","","Thanks for the intro last week, that was really helpful.","INBOX","","false","false"
"demo-conv-0047","","Sam Rivera","https://www.linkedin.com/in/sam-rivera-demo","Leo Iyer","https://www.linkedin.com/in/leo-iyer-demo","2025-04-08 14:36:34 UTC","","Congrats on the launch!","INBOX","","false","false"
"demo-conv-0032","","Lucia Abernathy","https://www.linkedin.com/in/lucia-abernathy-demo","Sam Rivera","https://www.linkedin.com/in/sam-rivera-demo","2025-04-08 02:02:25 UTC","","Quick question about the onboarding flow.","INBOX","","false","false"
"demo-conv-0010","","Wesley Marchetti","https://www.linkedin.com/in/wesley-marchetti-demo","Sam Rivera","https://www.linkedin.com/in/sam-rivera-demo","2025-04-07 19:44:09 UTC","","Sure, works for me.","INBOX","","false","false"
"demo-conv-0120","","Greta Osei","https://www.linkedin.com/in/greta-osei-demo","Sam Rivera","https://www.linkedin.com/in/sam-rivera-demo","2025-04-07 02:59:00 UTC","","Following up on this.","INBOX","","false","false"
"demo-conv-0038","","Sam Rivera","https://www.linkedin.com/in/sam-rivera-demo","Felix Grimaldi","https://www.linkedin.com/in/felix-grimaldi-demo","2025-04-06 13:14:16 UTC","","Sure, works for me.","INBOX","","false","false"
"demo-conv-0086","","Sam Rivera","https://www.linkedin.com/in/sam-rivera-demo","Callum Nakamura","https://www.linkedin.com/in/callum-nakamura-demo","2025-04-06 06:19:18 UTC","","Quick question about the onboarding flow.","INBOX","","false","false"
"demo-conv-0097","","Amara Iyer","https://www.linkedin.com/in/amara-iyer-demo","Sam Rivera","https://www.linkedin.com/in/sam-rivera-demo","2025-04-05 03:34:00 UTC","","Thanks for the intro last week, that was really helpful.","INBOX","","false","false"
"demo-conv-0009","","Sam Rivera","https://www.linkedin.com/in/sam-rivera-demo","Hana Kowalski","https://www.linkedin.com/in/hana-kowalski-demo","2025-04-04 10:17:46 UTC","","Congrats on the launch!","INBOX","","false","false"
"demo-conv-0034","","Sam Rivera","https://www.linkedin.com/in/sam-rivera-demo","Dev Adeyemi","https://www.linkedin.com/in/dev-adeyemi-demo","2025-04-03 08:56:06 UTC","","Sending over the doc now.","INBOX","","false","false"
"demo-conv-0069","","Sam Rivera","https://www.linkedin.com/in/sam-rivera-demo","Theo Lockhart","https://www.linkedin.com/in/theo-lockhart-demo","2025-04-02 20:07:22 UTC","","Congrats on the launch!","INBOX","","false","false"
"demo-conv-0000","","Priya Okafor","https://www.linkedin.com/in/priya-okafor-demo","Sam Rivera","https://www.linkedin.com/in/sam-rivera-demo","2025-04-01 20:40:00 UTC","","Congrats on the launch!","INBOX","","false","false"
"demo-conv-0108","","Talia Petrov","https://www.linkedin.com/in/talia-petrov-demo","Sam Rivera","https://www.linkedin.com/in/sam-rivera-demo","2025-04-01 14:33:17 UTC","","Sending over the doc now.","INBOX","","false","false"
"demo-conv-0077","","Sam Rivera","https://www.linkedin.com/in/sam-rivera-demo","Sloane Castellano","https://www.linkedin.com/in/sloane-castellano-demo","2025-03-31 18:09:00 UTC","","Thanks for the intro last week, that was really helpful.","INBOX","","false","false"
"demo-conv-0086","","Callum Nakamura","https://www.linkedin.com/in/callum-nakamura-demo","Sam Rivera","https://www.linkedin.com/in/sam-rivera-demo","2025-03-29 13:57:37 UTC","","Quick question about the onboarding flow.","INBOX","","false","false"
"demo-conv-0016","","Sam Rivera","https://www.linkedin.com/in/sam-rivera-demo","Sloane Kowalski","https://www.linkedin.com/in/sloane-kowalski-demo","2025-03-29 03:38:25 UTC","","Are you around for a call Thursday?","INBOX","","false","false"
"demo-conv-0042","","Rafael Iyer","https://www.linkedin.com/in/rafael-iyer-demo","Sam Rivera","https://www.linkedin.com/in/sam-rivera-demo","2025-03-28 23:59:00 UTC","","Congrats on the launch!","INBOX","","false","false"
"demo-conv-0010","","Sam Rivera","https://www.linkedin.com/in/sam-rivera-demo","Wesley Marchetti","https://www.linkedin.com/in/wesley-marchetti-demo","2025-03-28 23:48:35 UTC","","Appreciate it!","INBOX","","false","false"
"demo-conv-0084","","Sam Rivera","https://www.linkedin.com/in/sam-rivera-demo","Otto Iyer","https://www.linkedin.com/in/otto-iyer-demo","2025-03-28 23:46:00 UTC","","Congrats on the launch!","INBOX","","false","false"
"demo-conv-0069","","Sam Rivera","https://www.linkedin.com/in/sam-rivera-demo","Theo Lockhart","https://www.linkedin.com/in/theo-lockhart-demo","2025-03-25 15:56:37 UTC","","Saw your post, great points on activation.","INBOX","","false","false"
"demo-conv-0061","","Sam Rivera","https://www.linkedin.com/in/sam-rivera-demo","Hana Abernathy","https://www.linkedin.com/in/hana-abernathy-demo","2025-03-24 22:42:00 UTC","","Sure, works for me.","INBOX","","false","false"
"demo-conv-0116","","Wren Petrov","https://www.linkedin.com/in/wren-petrov-demo","Sam Rivera","https://www.linkedin.com/in/sam-rivera-demo","2025-03-23 09:28:00 UTC","","Following up on this.","INBOX","","false","false"
"demo-conv-0108","","Sam Rivera","https://www.linkedin.com/in/sam-rivera-demo","Talia Petrov","https://www.linkedin.com/in/talia-petrov-demo","2025-03-23 00:46:42 UTC","","Yes, sent it over.","INBOX","","false","false"
"demo-conv-0086","","Sam Rivera","https://www.linkedin.com/in/sam-rivera-demo","Callum Nakamura","https://www.linkedin.com/in/callum-nakamura-demo","2025-03-22 01:13:56 UTC","","Yes, sent it over.","INBOX","","false","false"
"demo-conv-0000","","Sam Rivera","https://www.linkedin.com/in/sam-rivera-demo","Priya Okafor","https://www.linkedin.com/in/priya-okafor-demo","2025-03-21 18:08:00 UTC","","Following up on this.","INBOX","","false","false"
"demo-conv-0032","","Sam Rivera","https://www.linkedin.com/in/sam-rivera-demo","Lucia Abernathy","https://www.linkedin.com/in/lucia-abernathy-demo","2025-03-20 22:28:56 UTC","","Congrats on the launch!","INBOX","","false","false"
"demo-conv-0010","","Wesley Marchetti","https://www.linkedin.com/in/wesley-marchetti-demo","Sam Rivera","https://www.linkedin.com/in/sam-rivera-demo","2025-03-19 00:17:02 UTC","","Quick question about the onboarding flow.","INBOX","","false","false"
"demo-conv-0117","","Jonas Grimaldi","https://www.linkedin.com/in/jonas-grimaldi-demo","Sam Rivera","https://www.linkedin.com/in/sam-rivera-demo","2025-03-18 04:58:17 UTC","","Quick question about the onboarding flow.","INBOX","","false","false"
"demo-conv-0069","","Theo Lockhart","https://www.linkedin.com/in/theo-lockhart-demo","Sam Rivera","https://www.linkedin.com/in/sam-rivera-demo","2025-03-17 03:28:51 UTC","","Quick question about the onboarding flow.","INBOX","","false","false"
"demo-conv-0107","","Ingrid Delgado","https://www.linkedin.com/in/ingrid-delgado-demo","Sam Rivera","https://www.linkedin.com/in/sam-rivera-demo","2025-03-17 01:41:17 UTC","","Sure, works for me.","INBOX","","false","false"
"demo-conv-0008","","Sam Rivera","https://www.linkedin.com/in/sam-rivera-demo","Diego Adeyemi","https://www.linkedin.com/in/diego-adeyemi-demo","2025-03-16 21:03:22 UTC","","Thanks for the intro last week, that was really helpful.","INBOX","","false","false"
"demo-conv-0114","","Jordan Eriksen","https://www.linkedin.com/in/jordan-eriksen-demo","Sam Rivera","https://www.linkedin.com/in/sam-rivera-demo","2025-03-15 00:40:08 UTC","","Quick question about the onboarding flow.","INBOX","","false","false"
"demo-conv-0081","","Sam Rivera","https://www.linkedin.com/in/sam-rivera-demo","Callum Abernathy","https://www.linkedin.com/in/callum-abernathy-demo","2025-03-14 19:11:00 UTC","","Thanks for the intro last week, that was really helpful.","INBOX","","false","false"
"demo-conv-0086","","Callum Nakamura","https://www.linkedin.com/in/callum-nakamura-demo","Sam Rivera","https://www.linkedin.com/in/sam-rivera-demo","2025-03-14 08:36:15 UTC","","Sure, works for me.","INBOX","","false","false"
"demo-conv-0108","","Talia Petrov","https://www.linkedin.com/in/talia-petrov-demo","Sam Rivera","https://www.linkedin.com/in/sam-rivera-demo","2025-03-13 08:03:08 UTC","","Sending over the doc now.","INBOX","","false","false"
"demo-conv-0097","","Amara Iyer","https://www.linkedin.com/in/amara-iyer-demo","Sam Rivera","https://www.linkedin.com/in/sam-rivera-demo","2025-03-13 01:43:00 UTC","","Thanks for the intro last week, that was really helpful.","INBOX","","false","false"
"demo-conv-0034","","Dev Adeyemi","https://www.linkedin.com/in/dev-adeyemi-demo","Sam Rivera","https://www.linkedin.com/in/sam-rivera-demo","2025-03-11 07:24:45 UTC","","Congrats on the launch!","INBOX","","false","false"
"demo-conv-0000","","Priya Okafor","https://www.linkedin.com/in/priya-okafor-demo","Sam Rivera","https://www.linkedin.com/in/sam-rivera-demo","2025-03-10 14:25:00 UTC","","Ha, exactly.","INBOX","","false","false"
"demo-conv-0010","","Sam Rivera","https://www.linkedin.com/in/sam-rivera-demo","Wesley Marchetti","https://www.linkedin.com/in/wesley-marchetti-demo","2025-03-09 00:48:28 UTC","","Do you have a template for that?","INBOX","","false","false"
"demo-conv-0069","","Sam Rivera","https://www.linkedin.com/in/sam-rivera-demo","Theo Lockhart","https://www.linkedin.com/in/theo-lockhart-demo","2025-03-08 21:08:05 UTC","","Are you around for a call Thursday?","INBOX","","false","false"
"demo-conv-0111","","Dev Kowalski","https://www.linkedin.com/in/dev-kowalski-demo","Sam Rivera","https://www.linkedin.com/in/sam-rivera-demo","2025-03-08 18:58:49 UTC","","That makes sense, thank you.","INBOX","","false","false"
"demo-conv-0064","","Sam Rivera","https://www.linkedin.com/in/sam-rivera-demo","Ravi Moreau","https://www.linkedin.com/in/ravi-moreau-demo","2025-03-06 21:24:00 UTC","","Following up on this.","INBOX","","false","false"
"demo-conv-0024","","Sam Rivera","https://www.linkedin.com/in/sam-rivera-demo","Petra Quintero","https://www.linkedin.com/in/petra-quintero-demo","2025-03-06 20:39:00 UTC","","Sending over the doc now.","INBOX","","false","false"
"demo-conv-0086","","Sam Rivera","https://www.linkedin.com/in/sam-rivera-demo","Callum Nakamura","https://www.linkedin.com/in/callum-nakamura-demo","2025-03-06 20:20:34 UTC","","Sure, works for me.","INBOX","","false","false"
"demo-conv-0064","","Ravi Moreau","https://www.linkedin.com/in/ravi-moreau-demo","Sam Rivera","https://www.linkedin.com/in/sam-rivera-demo","2025-03-06 17:56:00 UTC","","Thanks for the intro last week, that was really helpful.","INBOX","","false","false"
"demo-conv-0042","","Rafael Iyer","https://www.linkedin.com/in/rafael-iyer-demo","Sam Rivera","https://www.linkedin.com/in/sam-rivera-demo","2025-03-05 20:21:00 UTC","","Sending over the doc now.","INBOX","","false","false"
"demo-conv-0047","","Leo Iyer","https://www.linkedin.com/in/leo-iyer-demo","Sam Rivera","https://www.linkedin.com/in/sam-rivera-demo","2025-03-05 14:51:00 UTC","","Ha, exactly.","INBOX","","false","false"
"demo-conv-0061","","Sam Rivera","https://www.linkedin.com/in/sam-rivera-demo","Hana Abernathy","https://www.linkedin.com/in/hana-abernathy-demo","2025-03-04 15:58:00 UTC","","Saw your post, great points on activation.","INBOX","","false","false"
"demo-conv-0108","","Sam Rivera","https://www.linkedin.com/in/sam-rivera-demo","Talia Petrov","https://www.linkedin.com/in/talia-petrov-demo","2025-03-03 17:48:34 UTC","","Would love to catch up when you are in town.","INBOX","","false","false"
"demo-conv-0009","","Hana Kowalski","https://www.linkedin.com/in/hana-kowalski-demo","Sam Rivera","https://www.linkedin.com/in/sam-rivera-demo","2025-03-02 23:00:32 UTC","","Appreciate it!","INBOX","","false","false"
"demo-conv-0032","","Sam Rivera","https://www.linkedin.com/in/sam-rivera-demo","Lucia Abernathy","https://www.linkedin.com/in/lucia-abernathy-demo","2025-03-02 18:10:27 UTC","","Saw your post, great points on activation.","INBOX","","false","false"
"demo-conv-0109","","Sam Rivera","https://www.linkedin.com/in/sam-rivera-demo","Sanaa Sallow","https://www.linkedin.com/in/sanaa-sallow-demo","2025-03-01 16:50:00 UTC","","Sending over the doc now.","INBOX","","false","false"
"demo-conv-0109","","Sanaa Sallow","https://www.linkedin.com/in/sanaa-sallow-demo","Sam Rivera","https://www.linkedin.com/in/sam-rivera-demo","2025-03-01 04:22:00 UTC","","Sending over the doc now.","INBOX","","false","false"
"demo-conv-0109","","Sam Rivera","https://www.linkedin.com/in/sam-rivera-demo","Sanaa Sallow","https://www.linkedin.com/in/sanaa-sallow-demo","2025-02-28 21:42:00 UTC","","Sure, works for me.","INBOX","","false","false"
"demo-conv-0069","","Theo Lockhart","https://www.linkedin.com/in/theo-lockhart-demo","Sam Rivera","https://www.linkedin.com/in/sam-rivera-demo","2025-02-28 16:44:20 UTC","","Sending over the doc now.","INBOX","","false","false"
"demo-conv-0000","","Sam Rivera","https://www.linkedin.com/in/sam-rivera-demo","Priya Okafor","https://www.linkedin.com/in/priya-okafor-demo","2025-02-27 15:35:00 UTC","","Congrats on the launch!","INBOX","","false","false"
"demo-conv-0010","","Wesley Marchetti","https://www.linkedin.com/in/wesley-marchetti-demo","Sam Rivera","https://www.linkedin.com/in/sam-rivera-demo","2025-02-27 05:17:54 UTC","","Sending over the doc now.","INBOX","","false","false"
"demo-conv-0086","","Callum Nakamura","https://www.linkedin.com/in/callum-nakamura-demo","Sam Rivera","https://www.linkedin.com/in/sam-rivera-demo","2025-02-27 01:50:53 UTC","","Appreciate it!","INBOX","","false","false"
"demo-conv-0108","","Talia Petrov","https://www.linkedin.com/in/talia-petrov-demo","Sam Rivera","https://www.linkedin.com/in/sam-rivera-demo","2025-02-22 06:10:00 UTC","","Thanks for the intro last week, that was really helpful.","INBOX","","false","false"
"demo-conv-0107","","Ingrid Delgado","https://www.linkedin.com/in/ingrid-delgado-demo","Sam Rivera","https://www.linkedin.com/in/sam-rivera-demo","2025-02-21 09:50:51 UTC","","Are you around for a call Thursday?","INBOX","","false","false"
"demo-conv-0069","","Sam Rivera","https://www.linkedin.com/in/sam-rivera-demo","Theo Lockhart","https://www.linkedin.com/in/theo-lockhart-demo","2025-02-20 11:31:34 UTC","","Thanks for the intro last week, that was really helpful.","INBOX","","false","false"
"demo-conv-0084","","Sam Rivera","https://www.linkedin.com/in/sam-rivera-demo","Otto Iyer","https://www.linkedin.com/in/otto-iyer-demo","2025-02-20 07:27:00 UTC","","Congrats on the launch!","INBOX","","false","false"
"demo-conv-0086","","Callum Nakamura","https://www.linkedin.com/in/callum-nakamura-demo","Sam Rivera","https://www.linkedin.com/in/sam-rivera-demo","2025-02-19 14:47:12 UTC","","Do you have a template for that?","INBOX","","false","false"
"demo-conv-0016","","Sloane Kowalski","https://www.linkedin.com/in/sloane-kowalski-demo","Sam Rivera","https://www.linkedin.com/in/sam-rivera-demo","2025-02-18 22:33:42 UTC","","Following up on this.","INBOX","","false","false"
"demo-conv-0097","","Sam Rivera","https://www.linkedin.com/in/sam-rivera-demo","Amara Iyer","https://www.linkedin.com/in/amara-iyer-demo","2025-02-17 20:17:00 UTC","","Let me check with the team and get back to you.","INBOX","","false","false"
"demo-conv-0120","","Greta Osei","https://www.linkedin.com/in/greta-osei-demo","Sam Rivera","https://www.linkedin.com/in/sam-rivera-demo","2025-02-17 15:13:00 UTC","","That makes sense, thank you.","INBOX","","false","false"
"demo-conv-0010","","Sam Rivera","https://www.linkedin.com/in/sam-rivera-demo","Wesley Marchetti","https://www.linkedin.com/in/wesley-marchetti-demo","2025-02-17 06:30:20 UTC","","Sending over the doc now.","INBOX","","false","false"
"demo-conv-0000","","Priya Okafor","https://www.linkedin.com/in/priya-okafor-demo","Sam Rivera","https://www.linkedin.com/in/sam-rivera-demo","2025-02-16 16:35:00 UTC","","Quick question about the onboarding flow.","INBOX","","false","false"
"demo-conv-0034","","Dev Adeyemi","https://www.linkedin.com/in/dev-adeyemi-demo","Sam Rivera","https://www.linkedin.com/in/sam-rivera-demo","2025-02-16 07:17:24 UTC","","Quick question about the onboarding flow.","INBOX","","false","false"
"demo-conv-0117","","Sam Rivera","https://www.linkedin.com/in/sam-rivera-demo","Jonas Grimaldi","https://www.linkedin.com/in/jonas-grimaldi-demo","2025-02-15 19:48:00 UTC","","Quick question about the onboarding flow.","INBOX","","false","false"
"demo-conv-0108","","Sam Rivera","https://www.linkedin.com/in/sam-rivera-demo","Talia Petrov","https://www.linkedin.com/in/talia-petrov-demo","2025-02-12 14:36:25 UTC","","Congrats on the launch!","INBOX","","false","false"
"demo-conv-0032","","Sam Rivera","https://www.linkedin.com/in/sam-rivera-demo","Lucia Abernathy","https://www.linkedin.com/in/lucia-abernathy-demo","2025-02-12 08:27:58 UTC","","Saw your post, great points on activation.","INBOX","","false","false"
"demo-conv-0061","","Sam Rivera","https://www.linkedin.com/in/sam-rivera-demo","Hana Abernathy","https://www.linkedin.com/in/hana-abernathy-demo","2025-02-12 03:38:00 UTC","","Saw your post, great points on activation.","INBOX","","false","false"
"demo-conv-0086","","Callum Nakamura","https://www.linkedin.com/in/callum-nakamura-demo","Sam Rivera","https://www.linkedin.com/in/sam-rivera-demo","2025-02-11 22:31:31 UTC","","Ha, exactly.","INBOX","","false","false"
"demo-conv-0069","","Theo Lockhart","https://www.linkedin.com/in/theo-lockhart-demo","Sam Rivera","https://www.linkedin.com/in/sam-rivera-demo","2025-02-11 18:51:48 UTC","","That makes sense, thank you.","INBOX","","false","false"
"demo-conv-0008","","Sam Rivera","https://www.linkedin.com/in/sam-rivera-demo","Diego Adeyemi","https://www.linkedin.com/in/diego-adeyemi-demo","2025-02-11 02:54:06 UTC","","Appreciate it!","INBOX","","false","false"
"demo-conv-0042","","Rafael Iyer","https://www.linkedin.com/in/rafael-iyer-demo","Sam Rivera","https://www.linkedin.com/in/sam-rivera-demo","2025-02-10 18:43:00 UTC","","Are you around for a call Thursday?","INBOX","","false","false"
"demo-conv-0116","","Wren Petrov","https://www.linkedin.com/in/wren-petrov-demo","Sam Rivera","https://www.linkedin.com/in/sam-rivera-demo","2025-02-08 22:30:00 UTC","","Following up on this.","INBOX","","false","false"
"demo-conv-0038","","Felix Grimaldi","https://www.linkedin.com/in/felix-grimaldi-demo","Sam Rivera","https://www.linkedin.com/in/sam-rivera-demo","2025-02-08 05:31:27 UTC","","Let me check with the team and get back to you.","INBOX","","false","false"
"demo-conv-0010","","Sam Rivera","https://www.linkedin.com/in/sam-rivera-demo","Wesley Marchetti","https://www.linkedin.com/in/wesley-marchetti-demo","2025-02-07 12:44:47 UTC","","Saw your post, great points on activation.","INBOX","","false","false"
"demo-conv-0000","","Priya Okafor","https://www.linkedin.com/in/priya-okafor-demo","Sam Rivera","https://www.linkedin.com/in/sam-rivera-demo","2025-02-05 13:18:00 UTC","","Would love to catch up when you are in town.","INBOX","","false","false"
"demo-conv-0086","","Sam Rivera","https://www.linkedin.com/in/sam-rivera-demo","Callum Nakamura","https://www.linkedin.com/in/callum-nakamura-demo","2025-02-04 14:12:50 UTC","","Do you have a template for that?","INBOX","","false","false"
"demo-conv-0069","","Sam Rivera","https://www.linkedin.com/in/sam-rivera-demo","Theo Lockhart","https://www.linkedin.com/in/theo-lockhart-demo","2025-02-03 17:58:03 UTC","","Thanks for the intro last week, that was really helpful.","INBOX","","false","false"
"demo-conv-0108","","Talia Petrov","https://www.linkedin.com/in/talia-petrov-demo","Sam Rivera","https://www.linkedin.com/in/sam-rivera-demo","2025-02-03 04:47:51 UTC","","Yes, sent it over.","INBOX","","false","false"
"demo-conv-0079","","Sam Rivera","https://www.linkedin.com/in/sam-rivera-demo","Rowan Delgado","https://www.linkedin.com/in/rowan-delgado-demo","2025-02-01 20:43:00 UTC","","Ha, exactly.","INBOX","","false","false"
"demo-conv-0079","","Rowan Delgado","https://www.linkedin.com/in/rowan-delgado-demo","Sam Rivera","https://www.linkedin.com/in/sam-rivera-demo","2025-01-31 00:32:00 UTC","","Appreciate it!","INBOX","","false","false"
"demo-conv-0047","","Sam Rivera","https://www.linkedin.com/in/sam-rivera-demo","Leo Iyer","https://www.linkedin.com/in/leo-iyer-demo","2025-01-30 20:21:25 UTC","","Are you around for a call Thursday?","INBOX","","false","false"
"demo-conv-0029","","Sam Rivera","https://www.linkedin.com/in/sam-rivera-demo","Leo Nakamura","https://www.linkedin.com/in/leo-nakamura-demo","2025-01-30 15:51:00 UTC","","Do you have a template for that?","INBOX","","false","false"
"demo-conv-0009","","Sam Rivera","https://www.linkedin.com/in/sam-rivera-demo","Hana Kowalski","https://www.linkedin.com/in/hana-kowalski-demo","2025-01-29 23:52:18 UTC","","Ha, exactly.","INBOX","","false","false"
"demo-conv-0024","","Petra Quintero","https://www.linkedin.com/in/petra-quintero-demo","Sam Rivera","https://www.linkedin.com/in/sam-rivera-demo","2025-01-29 18:38:00 UTC","","Congrats on the launch!","INBOX","","false","false"
"demo-conv-0079","","Sam Rivera","https://www.linkedin.com/in/sam-rivera-demo","Rowan Delgado","https://www.linkedin.com/in/rowan-delgado-demo","2025-01-29 15:43:00 UTC","","Thanks for the intro last week, that was really helpful.","INBOX","","false","false"
"demo-conv-0111","","Sam Rivera","https://www.linkedin.com/in/sam-rivera-demo","Dev Kowalski","https://www.linkedin.com/in/dev-kowalski-demo","2025-01-29 04:59:27 UTC","","Are you around for a call Thursday?","INBOX","","false","false"
"demo-conv-0010","","Sam Rivera","https://www.linkedin.com/in/sam-rivera-demo","Wesley Marchetti","https://www.linkedin.com/in/wesley-marchetti-demo","2025-01-28 11:01:13 UTC","","Ha, exactly.","INBOX","","false","false"
"demo-conv-0107","","Sam Rivera","https://www.linkedin.com/in/sam-rivera-demo","Ingrid Delgado","https://www.linkedin.com/in/ingrid-delgado-demo","2025-01-28 10:55:25 UTC","","Saw your post, great points on activation.","INBOX","","false","false"
"demo-conv-0086","","Sam Rivera","https://www.linkedin.com/in/sam-rivera-demo","Callum Nakamura","https://www.linkedin.com/in/callum-nakamura-demo","2025-01-28 02:37:09 UTC","","Sending over the doc now.","INBOX","","false","false"
"demo-conv-0069","","Theo Lockhart","https://www.linkedin.com/in/theo-lockhart-demo","Sam Rivera","https://www.linkedin.com/in/sam-rivera-demo","2025-01-26 12:35:17 UTC","","Sending over the doc now.","INBOX","","false","false"
"demo-conv-0029","","Sam Rivera","https://www.linkedin.com/in/sam-rivera-demo","Leo Nakamura","https://www.linkedin.com/in/leo-nakamura-demo","2025-01-25 20:00:00 UTC","","Yes, sent it over.","INBOX","","false","false"
"demo-conv-0000","","Sam Rivera","https://www.linkedin.com/in/sam-rivera-demo","Priya Okafor","https://www.linkedin.com/in/priya-okafor-demo","2025-01-25 13:27:00 UTC","","Would love to catch up when you are in town.","INBOX","","false","false"
"demo-conv-0097","","Amara Iyer","https://www.linkedin.com/in/amara-iyer-demo","Sam Rivera","https://www.linkedin.com/in/sam-rivera-demo","2025-01-25 10:49:00 UTC","","Thanks for the intro last week, that was really helpful.","INBOX","","false","false"
"demo-conv-0032","","Sam Rivera","https://www.linkedin.com/in/sam-rivera-demo","Lucia Abernathy","https://www.linkedin.com/in/lucia-abernathy-demo","2025-01-25 02:09:29 UTC","","Thanks for the intro last week, that was really helpful.","INBOX","","false","false"
"demo-conv-0034","","Dev Adeyemi","https://www.linkedin.com/in/dev-adeyemi-demo","Sam Rivera","https://www.linkedin.com/in/sam-rivera-demo","2025-01-24 14:51:04 UTC","","Following up on this.","INBOX","","false","false"
"demo-conv-0108","","Sam Rivera","https://www.linkedin.com/in/sam-rivera-demo","Talia Petrov","https://www.linkedin.com/in/talia-petrov-demo","2025-01-24 11:11:17 UTC","","Quick question about the onboarding flow.","INBOX","","false","false"
"demo-conv-0061","","Hana Abernathy","https://www.linkedin.com/in/hana-abernathy-demo","Sam Rivera","https://www.linkedin.com/in/sam-rivera-demo","2025-01-22 23:18:00 UTC","","Let me check with the team and get back to you.","INBOX","","false","false"
"demo-conv-0011","","Sam Rivera","https://www.linkedin.com/in/sam-rivera-demo","Farah Osei","https://www.linkedin.com/in/farah-osei-demo","2025-01-20 15:16:00 UTC","","Sending over the doc now.","INBOX","","false","false"
"demo-conv-0086","","Callum Nakamura","https://www.linkedin.com/in/callum-nakamura-demo","Sam Rivera","https://www.linkedin.com/in/sam-rivera-demo","2025-01-20 13:07:28 UTC","","Thanks for the intro last week, that was really helpful.","INBOX","","false","false"
"demo-conv-0042","","Sam Rivera","https://www.linkedin.com/in/sam-rivera-demo","Rafael Iyer","https://www.linkedin.com/in/rafael-iyer-demo","2025-01-18 19:25:00 UTC","","That makes sense, thank you.","INBOX","","false","false"
"demo-conv-0010","","Wesley Marchetti","https://www.linkedin.com/in/wesley-marchetti-demo","Sam Rivera","https://www.linkedin.com/in/sam-rivera-demo","2025-01-18 12:47:39 UTC","","Quick question about the onboarding flow.","INBOX","","false","false"
"demo-conv-0069","","Sam Rivera","https://www.linkedin.com/in/sam-rivera-demo","Theo Lockhart","https://www.linkedin.com/in/theo-lockhart-demo","2025-01-17 19:33:31 UTC","","Congrats on the launch!","INBOX","","false","false"
"demo-conv-0011","","Sam Rivera","https://www.linkedin.com/in/sam-rivera-demo","Farah Osei","https://www.linkedin.com/in/farah-osei-demo","2025-01-15 14:43:00 UTC","","Let me check with the team and get back to you.","INBOX","","false","false"
"demo-conv-0108","","Talia Petrov","https://www.linkedin.com/in/talia-petrov-demo","Sam Rivera","https://www.linkedin.com/in/sam-rivera-demo","2025-01-15 01:22:42 UTC","","Quick question about the onboarding flow.","INBOX","","false","false"
"demo-conv-0000","","Priya Okafor","https://www.linkedin.com/in/priya-okafor-demo","Sam Rivera","https://www.linkedin.com/in/sam-rivera-demo","2025-01-14 14:01:00 UTC","","Ha, exactly.","INBOX","","false","false"
"demo-conv-0084","","Otto Iyer","https://www.linkedin.com/in/otto-iyer-demo","Sam Rivera","https://www.linkedin.com/in/sam-rivera-demo","2025-01-14 13:56:00 UTC","","Quick question about the onboarding flow.","INBOX","","false","false"
"demo-conv-0086","","Callum Nakamura","https://www.linkedin.com/in/callum-nakamura-demo","Sam Rivera","https://www.linkedin.com/in/sam-rivera-demo","2025-01-12 19:20:47 UTC","","Sure, works for me.","INBOX","","false","false"
"demo-conv-0016","","Sam Rivera","https://www.linkedin.com/in/sam-rivera-demo","Sloane Kowalski","https://www.linkedin.com/in/sloane-kowalski-demo","2025-01-11 21:37:00 UTC","","Appreciate it!","INBOX","","false","false"
"demo-conv-0069","","Theo Lockhart","https://www.linkedin.com/in/theo-lockhart-demo","Sam Rivera","https://www.linkedin.com/in/sam-rivera-demo","2025-01-09 15:24:46 UTC","","Are you around for a call Thursday?","INBOX","","false","false"
"demo-conv-0010","","Sam Rivera","https://www.linkedin.com/in/sam-rivera-demo","Wesley Marchetti","https://www.linkedin.com/in/wesley-marchetti-demo","2025-01-08 14:25:06 UTC","","Let me check with the team and get back to you.","INBOX","","false","false"
"demo-conv-0008","","Diego Adeyemi","https://www.linkedin.com/in/diego-adeyemi-demo","Sam Rivera","https://www.linkedin.com/in/sam-rivera-demo","2025-01-08 09:02:50 UTC","","Appreciate it!","INBOX","","false","false"
"demo-conv-0113","","Jordan Adeyemi","https://www.linkedin.com/in/jordan-adeyemi-demo","Sam Rivera","https://www.linkedin.com/in/sam-rivera-demo","2025-01-07 19:52:00 UTC","","Are you around for a call Thursday?","INBOX","","false","false"
"demo-conv-0113","","Sam Rivera","https://www.linkedin.com/in/sam-rivera-demo","Jordan Adeyemi","https://www.linkedin.com/in/jordan-adeyemi-demo","2025-01-07 14:58:00 UTC","","Appreciate it!","INBOX","","false","false"
"demo-conv-0032","","Sam Rivera","https://www.linkedin.com/in/sam-rivera-demo","Lucia Abernathy","https://www.linkedin.com/in/lucia-abernathy-demo","2025-01-06 18:51:00 UTC","","Sure, works for me.","INBOX","","false","false"
"demo-conv-0108","","Talia Petrov","https://www.linkedin.com/in/talia-petrov-demo","Sam Rivera","https://www.linkedin.com/in/sam-rivera-demo","2025-01-05 07:51:08 UTC","","Yes, sent it over.","INBOX","","false","false"
"demo-conv-0086","","Sam Rivera","https://www.linkedin.com/in/sam-rivera-demo","Callum Nakamura","https://www.linkedin.com/in/callum-nakamura-demo","2025-01-05 00:27:06 UTC","","Ha, exactly.","INBOX","","false","false"
"demo-conv-0107","","Ingrid Delgado","https://www.linkedin.com/in/ingrid-delgado-demo","Sam Rivera","https://www.linkedin.com/in/sam-rivera-demo","2025-01-04 08:31:00 UTC","","Following up on this.","INBOX","","false","false"
"demo-conv-0000","","Priya Okafor","https://www.linkedin.com/in/priya-okafor-demo","Sam Rivera","https://www.linkedin.com/in/sam-rivera-demo","2025-01-03 16:52:00 UTC","","Would love to catch up when you are in town.","INBOX","","false","false"
"demo-conv-0061","","Sam Rivera","https://www.linkedin.com/in/sam-rivera-demo","Hana Abernathy","https://www.linkedin.com/in/hana-abernathy-demo","2025-01-02 12:13:00 UTC","","Thanks for the intro last week, that was really helpful.","INBOX","","false","false"
"demo-conv-0097","","Sam Rivera","https://www.linkedin.com/in/sam-rivera-demo","Amara Iyer","https://www.linkedin.com/in/amara-iyer-demo","2025-01-02 04:33:00 UTC","","Ha, exactly.","INBOX","","false","false"
"demo-conv-0114","","Sam Rivera","https://www.linkedin.com/in/sam-rivera-demo","Jordan Eriksen","https://www.linkedin.com/in/jordan-eriksen-demo","2025-01-01 21:42:25 UTC","","Let me check with the team and get back to you.","INBOX","","false","false"
"demo-conv-0070","","Mila Grimaldi","https://www.linkedin.com/in/mila-grimaldi-demo","Sam Rivera","https://www.linkedin.com/in/sam-rivera-demo","2025-01-01 19:43:00 UTC","","Do you have a template for that?","INBOX","","false","false"
"demo-conv-0069","","Sam Rivera","https://www.linkedin.com/in/sam-rivera-demo","Theo Lockhart","https://www.linkedin.com/in/theo-lockhart-demo","2025-01-01 13:35:00 UTC","","Yes, sent it over.","INBOX","","false","false"
"demo-conv-0034","","Sam Rivera","https://www.linkedin.com/in/sam-rivera-demo","Dev Adeyemi","https://www.linkedin.com/in/dev-adeyemi-demo","2025-01-01 08:26:43 UTC","","Following up on this.","INBOX","","false","false"
"demo-conv-0120","","Greta Osei","https://www.linkedin.com/in/greta-osei-demo","Sam Rivera","https://www.linkedin.com/in/sam-rivera-demo","2024-12-31 14:38:00 UTC","","Saw your post, great points on activation.","INBOX","","false","false"
"demo-conv-0070","","Sam Rivera","https://www.linkedin.com/in/sam-rivera-demo","Mila Grimaldi","https://www.linkedin.com/in/mila-grimaldi-demo","2024-12-31 12:35:00 UTC","","Following up on this.","INBOX","","false","false"
"demo-conv-0070","","Mila Grimaldi","https://www.linkedin.com/in/mila-grimaldi-demo","Sam Rivera","https://www.linkedin.com/in/sam-rivera-demo","2024-12-30 03:14:00 UTC","","Let me check with the team and get back to you.","INBOX","","false","false"
"demo-conv-0010","","Wesley Marchetti","https://www.linkedin.com/in/wesley-marchetti-demo","Sam Rivera","https://www.linkedin.com/in/sam-rivera-demo","2024-12-29 15:37:32 UTC","","Yes, sent it over.","INBOX","","false","false"
"demo-conv-0009","","Hana Kowalski","https://www.linkedin.com/in/hana-kowalski-demo","Sam Rivera","https://www.linkedin.com/in/sam-rivera-demo","2024-12-28 16:51:04 UTC","","That makes sense, thank you.","INBOX","","false","false"
"demo-conv-0070","","Sam Rivera","https://www.linkedin.com/in/sam-rivera-demo","Mila Grimaldi","https://www.linkedin.com/in/mila-grimaldi-demo","2024-12-28 16:47:00 UTC","","Let me check with the team and get back to you.","INBOX","","false","false"
"demo-conv-0116","","Wren Petrov","https://www.linkedin.com/in/wren-petrov-demo","Sam Rivera","https://www.linkedin.com/in/sam-rivera-demo","2024-12-28 12:28:00 UTC","","Following up on this.","INBOX","","false","false"
"demo-conv-0086","","Callum Nakamura","https://www.linkedin.com/in/callum-nakamura-demo","Sam Rivera","https://www.linkedin.com/in/sam-rivera-demo","2024-12-28 11:55:25 UTC","","Ha, exactly.","INBOX","","false","false"
"demo-conv-0047","","Sam Rivera","https://www.linkedin.com/in/sam-rivera-demo","Leo Iyer","https://www.linkedin.com/in/leo-iyer-demo","2024-12-28 10:45:51 UTC","","Sending over the doc now.","INBOX","","false","false"
"demo-conv-0108","","Talia Petrov","https://www.linkedin.com/in/talia-petrov-demo","Sam Rivera","https://www.linkedin.com/in/sam-rivera-demo","2024-12-26 13:46:34 UTC","","Sure, works for me.","INBOX","","false","false"
"demo-conv-0024","","Sam Rivera","https://www.linkedin.com/in/sam-rivera-demo","Petra Quintero","https://www.linkedin.com/in/petra-quintero-demo","2024-12-24 07:07:00 UTC","","Thanks for the intro last week, that was really helpful.","INBOX","","false","false"
"demo-conv-0069","","Theo Lockhart","https://www.linkedin.com/in/theo-lockhart-demo","Sam Rivera","https://www.linkedin.com/in/sam-rivera-demo","2024-12-23 21:07:14 UTC","","Do you have a template for that?","INBOX","","false","false"
"demo-conv-0000","","Sam Rivera","https://www.linkedin.com/in/sam-rivera-demo","Priya Okafor","https://www.linkedin.com/in/priya-okafor-demo","2024-12-23 20:21:00 UTC","","Sure, works for me.","INBOX","","false","false"
"demo-conv-0111","","Dev Kowalski","https://www.linkedin.com/in/dev-kowalski-demo","Sam Rivera","https://www.linkedin.com/in/sam-rivera-demo","2024-12-21 19:33:05 UTC","","Yes, sent it over.","INBOX","","false","false"
"demo-conv-0086","","Sam Rivera","https://www.linkedin.com/in/sam-rivera-demo","Callum Nakamura","https://www.linkedin.com/in/callum-nakamura-demo","2024-12-20 20:20:44 UTC","","Yes, sent it over.","INBOX","","false","false"
"demo-conv-0010","","Sam Rivera","https://www.linkedin.com/in/sam-rivera-demo","Wesley Marchetti","https://www.linkedin.com/in/wesley-marchetti-demo","2024-12-19 23:20:58 UTC","","Appreciate it!","INBOX","","false","false"
"demo-conv-0032","","Lucia Abernathy","https://www.linkedin.com/in/lucia-abernathy-demo","Sam Rivera","https://www.linkedin.com/in/sam-rivera-demo","2024-12-19 11:25:31 UTC","","Following up on this.","INBOX","","false","false"
"demo-conv-0108","","Sam Rivera","https://www.linkedin.com/in/sam-rivera-demo","Talia Petrov","https://www.linkedin.com/in/talia-petrov-demo","2024-12-17 05:02:00 UTC","","Sending over the doc now.","INBOX","","false","false"
"demo-conv-0069","","Theo Lockhart","https://www.linkedin.com/in/theo-lockhart-demo","Sam Rivera","https://www.linkedin.com/in/sam-rivera-demo","2024-12-15 20:47:29 UTC","","Appreciate it!","INBOX","","false","false"
"demo-conv-0086","","Callum Nakamura","https://www.linkedin.com/in/callum-nakamura-demo","Sam Rivera","https://www.linkedin.com/in/sam-rivera-demo","2024-12-13 06:02:03 UTC","","Quick question about the onboarding flow.","INBOX","","false","false"
"demo-conv-0038","","Sam Rivera","https://www.linkedin.com/in/sam-rivera-demo","Felix Grimaldi","https://www.linkedin.com/in/felix-grimaldi-demo","2024-12-13 01:46:38 UTC","","Are you around for a call Thursday?","INBOX","","false","false"
"demo-conv-0000","","Sam Rivera","https://www.linkedin.com/in/sam-rivera-demo","Priya Okafor","https://www.linkedin.com/in/priya-okafor-demo","2024-12-12 16:35:00 UTC","","Sending over the doc now.","INBOX","","false","false"
"demo-conv-0107","","Sam Rivera","https://www.linkedin.com/in/sam-rivera-demo","Ingrid Delgado","https://www.linkedin.com/in/ingrid-delgado-demo","2024-12-11 14:24:34 UTC","","Quick question about the onboarding flow.","INBOX","","false","false"
"demo-conv-0097","","Amara Iyer","https://www.linkedin.com/in/amara-iyer-demo","Sam Rivera","https://www.linkedin.com/in/sam-rivera-demo","2024-12-09 20:40:00 UTC","","Quick question about the onboarding flow.","INBOX","","false","false"
"demo-conv-0010","","Wesley Marchetti","https://www.linkedin.com/in/wesley-marchetti-demo","Sam Rivera","https://www.linkedin.com/in/sam-rivera-demo","2024-12-09 18:59:24 UTC","","Quick question about the onboarding flow.","INBOX","","false","false"
"demo-conv-0034","","Dev Adeyemi","https://www.linkedin.com/in/dev-adeyemi-demo","Sam Rivera","https://www.linkedin.com/in/sam-rivera-demo","2024-12-09 15:08:22 UTC","","Thanks for the intro last week, that was really helpful.","INBOX","","false","false"
"demo-conv-0084","","Sam Rivera","https://www.linkedin.com/in/sam-rivera-demo","Otto Iyer","https://www.linkedin.com/in/otto-iyer-demo","2024-12-09 05:38:00 UTC","","Ha, exactly.","INBOX","","false","false"
"demo-conv-0108","","Talia Petrov","https://www.linkedin.com/in/talia-petrov-demo","Sam Rivera","https://www.linkedin.com/in/sam-rivera-demo","2024-12-07 12:50:25 UTC","","That makes sense, thank you.","INBOX","","false","false"
"demo-conv-0069","","Theo Lockhart","https://www.linkedin.com/in/theo-lockhart-demo","Sam Rivera","https://www.linkedin.com/in/sam-rivera-demo","2024-12-07 06:03:43 UTC","","Sure, works for me.","INBOX","","false","false"
"demo-conv-0086","","Sam Rivera","https://www.linkedin.com/in/sam-rivera-demo","Callum Nakamura","https://www.linkedin.com/in/callum-nakamura-demo","2024-12-06 01:40:22 UTC","","Sending over the doc now.","INBOX","","false","false"
"demo-conv-0008","","Sam Rivera","https://www.linkedin.com/in/sam-rivera-demo","Diego Adeyemi","https://www.linkedin.com/in/diego-adeyemi-demo","2024-12-05 20:30:34 UTC","","Quick question about the onboarding flow.","INBOX","","false","false"
"demo-conv-0016","","Sloane Kowalski","https://www.linkedin.com/in/sloane-kowalski-demo","Sam Rivera","https://www.linkedin.com/in/sam-rivera-demo","2024-12-04 21:29:17 UTC","","Would love to catch up when you are in town.","INBOX","","false","false"
"demo-conv-0000","","Sam Rivera","https://www.linkedin.com/in/sam-rivera-demo","Priya Okafor","https://www.linkedin.com/in/priya-okafor-demo","2024-12-01 12:12:00 UTC","","Would love to catch up when you are in town.","INBOX","","false","false"
"demo-conv-0032","","Sam Rivera","https://www.linkedin.com/in/sam-rivera-demo","Lucia Abernathy","https://www.linkedin.com/in/lucia-abernathy-demo","2024-12-01 06:33:02 UTC","","Congrats on the launch!","INBOX","","false","false"
"demo-conv-0010","","Sam Rivera","https://www.linkedin.com/in/sam-rivera-demo","Wesley Marchetti","https://www.linkedin.com/in/wesley-marchetti-demo","2024-11-29 21:35:51 UTC","","Congrats on the launch!","INBOX","","false","false"
"demo-conv-0069","","Sam Rivera","https://www.linkedin.com/in/sam-rivera-demo","Theo Lockhart","https://www.linkedin.com/in/theo-lockhart-demo","2024-11-29 05:48:57 UTC","","Congrats on the launch!","INBOX","","false","false"
"demo-conv-0086","","Sam Rivera","https://www.linkedin.com/in/sam-rivera-demo","Callum Nakamura","https://www.linkedin.com/in/callum-nakamura-demo","2024-11-28 08:30:41 UTC","","Let me check with the team and get back to you.","INBOX","","false","false"
"demo-conv-0108","","Sam Rivera","https://www.linkedin.com/in/sam-rivera-demo","Talia Petrov","https://www.linkedin.com/in/talia-petrov-demo","2024-11-28 00:52:51 UTC","","Ha, exactly.","INBOX","","false","false"
"demo-conv-0009","","Sam Rivera","https://www.linkedin.com/in/sam-rivera-demo","Hana Kowalski","https://www.linkedin.com/in/hana-kowalski-demo","2024-11-26 13:34:50 UTC","","Yes, sent it over.","INBOX","","false","false"
"demo-conv-0047","","Sam Rivera","https://www.linkedin.com/in/sam-rivera-demo","Leo Iyer","https://www.linkedin.com/in/leo-iyer-demo","2024-11-24 17:00:17 UTC","","Thanks for the intro last week, that was really helpful.","INBOX","","false","false"
"demo-conv-0086","","Sam Rivera","https://www.linkedin.com/in/sam-rivera-demo","Callum Nakamura","https://www.linkedin.com/in/callum-nakamura-demo","2024-11-20 19:58:00 UTC","","Would love to catch up when you are in town.","INBOX","","false","false"
"demo-conv-0000","","Priya Okafor","https://www.linkedin.com/in/priya-okafor-demo","Sam Rivera","https://www.linkedin.com/in/sam-rivera-demo","2024-11-20 17:11:00 UTC","","Are you around for a call Thursday?","INBOX","","false","false"
"demo-conv-0069","","Theo Lockhart","https://www.linkedin.com/in/theo-lockhart-demo","Sam Rivera","https://www.linkedin.com/in/sam-rivera-demo","2024-11-20 15:33:12 UTC","","Sure, works for me.","INBOX","","false","false"
"demo-conv-0010","","Wesley Marchetti","https://www.linkedin.com/in/wesley-marchetti-demo","Sam Rivera","https://www.linkedin.com/in/sam-rivera-demo","2024-11-20 06:02:17 UTC","","Appreciate it!","INBOX","","false","false"
"demo-conv-0108","","Talia Petrov","https://www.linkedin.com/in/talia-petrov-demo","Sam Rivera","https://www.linkedin.com/in/sam-rivera-demo","2024-11-18 08:51:17 UTC","","Sure, works for me.","INBOX","","false","false"
"demo-conv-0024","","Petra Quintero","https://www.linkedin.com/in/petra-quintero-demo","Sam Rivera","https://www.linkedin.com/in/sam-rivera-demo","2024-11-18 02:59:00 UTC","","Do you have a template for that?","INBOX","","false","false"
"demo-conv-0107","","Ingrid Delgado","https://www.linkedin.com/in/ingrid-delgado-demo","Sam Rivera","https://www.linkedin.com/in/sam-rivera-demo","2024-11-17 11:46:08 UTC","","Appreciate it!","INBOX","","false","false"
"demo-conv-0097","","Sam Rivera","https://www.linkedin.com/in/sam-rivera-demo","Amara Iyer","https://www.linkedin.com/in/amara-iyer-demo","2024-11-16 20:30:00 UTC","","Saw your post, great points on activation.","INBOX","","false","false"
"demo-conv-0034","","Sam Rivera","https://www.linkedin.com/in/sam-rivera-demo","Dev Adeyemi","https://www.linkedin.com/in/dev-adeyemi-demo","2024-11-16 15:17:02 UTC","","Are you around for a call Thursday?","INBOX","","false","false"
"demo-conv-0116","","Sam Rivera","https://www.linkedin.com/in/sam-rivera-demo","Wren Petrov","https://www.linkedin.com/in/wren-petrov-demo","2024-11-15 23:04:00 UTC","","Yes, sent it over.","INBOX","","false","false"
"demo-conv-0120","","Sam Rivera","https://www.linkedin.com/in/sam-rivera-demo","Greta Osei","https://www.linkedin.com/in/greta-osei-demo","2024-11-13 06:43:00 UTC","","Let me check with the team and get back to you.","INBOX","","false","false"
"demo-conv-0111","","Sam Rivera","https://www.linkedin.com/in/sam-rivera-demo","Dev Kowalski","https://www.linkedin.com/in/dev-kowalski-demo","2024-11-13 02:52:43 UTC","","Yes, sent it over.","INBOX","","false","false"
"demo-conv-0032","","Lucia Abernathy","https://www.linkedin.com/in/lucia-abernathy-demo","Sam Rivera","https://www.linkedin.com/in/sam-rivera-demo","2024-11-13 02:22:33 UTC","","Following up on this.","INBOX","","false","false"
"demo-conv-0086","","Callum Nakamura","https://www.linkedin.com/in/callum-nakamura-demo","Sam Rivera","https://www.linkedin.com/in/sam-rivera-demo","2024-11-13 01:42:18 UTC","","Let me check with the team and get back to you.","INBOX","","false","false"
"demo-conv-0069","","Sam Rivera","https://www.linkedin.com/in/sam-rivera-demo","Theo Lockhart","https://www.linkedin.com/in/theo-lockhart-demo","2024-11-12 15:38:26 UTC","","Saw your post, great points on activation.","INBOX","","false","false"
"demo-conv-0010","","Sam Rivera","https://www.linkedin.com/in/sam-rivera-demo","Wesley Marchetti","https://www.linkedin.com/in/wesley-marchetti-demo","2024-11-10 08:18:43 UTC","","Appreciate it!","INBOX","","false","false"
"demo-conv-0000","","Sam Rivera","https://www.linkedin.com/in/sam-rivera-demo","Priya Okafor","https://www.linkedin.com/in/priya-okafor-demo","2024-11-09 17:39:00 UTC","","Yes, sent it over.","INBOX","","false","false"
"demo-conv-0108","","Sam Rivera","https://www.linkedin.com/in/sam-rivera-demo","Talia Petrov","https://www.linkedin.com/in/talia-petrov-demo","2024-11-08 15:17:42 UTC","","Ha, exactly.","INBOX","","false","false"
"demo-conv-0066","","Leo Grimaldi","https://www.linkedin.com/in/leo-grimaldi-demo","Sam Rivera","https://www.linkedin.com/in/sam-rivera-demo","2024-11-05 12:04:00 UTC","","Sure, works for me.","INBOX","","false","false"
"demo-conv-0086","","Sam Rivera","https://www.linkedin.com/in/sam-rivera-demo","Callum Nakamura","https://www.linkedin.com/in/callum-nakamura-demo","2024-11-05 10:26:37 UTC","","Thanks for the intro last week, that was really helpful.","INBOX","","false","false"
"demo-conv-0069","","Theo Lockhart","https://www.linkedin.com/in/theo-lockhart-demo","Sam Rivera","https://www.linkedin.com/in/sam-rivera-demo","2024-11-04 07:15:40 UTC","","Are you around for a call Thursday?","INBOX","","false","false"
"demo-conv-0066","","Sam Rivera","https://www.linkedin.com/in/sam-rivera-demo","Leo Grimaldi","https://www.linkedin.com/in/leo-grimaldi-demo","2024-11-04 06:10:00 UTC","","Congrats on the launch!","INBOX","","false","false"
"demo-conv-0066","","Leo Grimaldi","https://www.linkedin.com/in/leo-grimaldi-demo","Sam Rivera","https://www.linkedin.com/in/sam-rivera-demo","2024-11-03 04:06:00 UTC","","Do you have a template for that?","INBOX","","false","false"
"demo-conv-0084","","Otto Iyer","https://www.linkedin.com/in/otto-iyer-demo","Sam Rivera","https://www.linkedin.com/in/sam-rivera-demo","2024-11-02 11:06:00 UTC","","Sending over the doc now.","INBOX","","false","false"
"demo-conv-0008","","Diego Adeyemi","https://www.linkedin.com/in/diego-adeyemi-demo","Sam Rivera","https://www.linkedin.com/in/sam-rivera-demo","2024-11-01 22:08:18 UTC","","Congrats on the launch!","INBOX","","false","false"
"demo-conv-0066","","Sam Rivera","https://www.linkedin.com/in/sam-rivera-demo","Leo Grimaldi","https://www.linkedin.com/in/leo-grimaldi-demo","2024-11-01 20:50:00 UTC","","Following up on this.","INBOX","","false","false"
"demo-conv-0010","","Sam Rivera","https://www.linkedin.com/in/sam-rivera-demo","Wesley Marchetti","https://www.linkedin.com/in/wesley-marchetti-demo","2024-10-31 03:09:10 UTC","","Yes, sent it over.","INBOX","","false","false"
"demo-conv-0108","","Sam Rivera","https://www.linkedin.com/in/sam-rivera-demo","Talia Petrov","https://www.linkedin.com/in/talia-petrov-demo","2024-10-30 03:03:08 UTC","","Ha, exactly.","INBOX","","false","false"
"demo-conv-0000","","Priya Okafor","https://www.linkedin.com/in/priya-okafor-demo","Sam Rivera","https://www.linkedin.com/in/sam-rivera-demo","2024-10-29 15:23:00 UTC","","Are you around for a call Thursday?","INBOX","","false","false"
"demo-conv-0086","","Callum Nakamura","https://www.linkedin.com/in/callum-nakamura-demo","Sam Rivera","https://www.linkedin.com/in/sam-rivera-demo","2024-10-29 03:18:56 UTC","","Quick question about the onboarding flow.","INBOX","","false","false"
"demo-conv-0016","","Sam Rivera","https://www.linkedin.com/in/sam-rivera-demo","Sloane Kowalski","https://www.linkedin.com/in/sloane-kowalski-demo","2024-10-28 00:34:34 UTC","","Appreciate it!","INBOX","","false","false"
"demo-conv-0069","","Sam Rivera","https://www.linkedin.com/in/sam-rivera-demo","Theo Lockhart","https://www.linkedin.com/in/theo-lockhart-demo","2024-10-26 23:58:55 UTC","","Following up on this.","INBOX","","false","false"
"demo-conv-0032","","Sam Rivera","https://www.linkedin.com/in/sam-rivera-demo","Lucia Abernathy","https://www.linkedin.com/in/lucia-abernathy-demo","2024-10-26 03:11:04 UTC","","Are you around for a call Thursday?","INBOX","","false","false"
"demo-conv-0009","","Hana Kowalski","https://www.linkedin.com/in/hana-kowalski-demo","Sam Rivera","https://www.linkedin.com/in/sam-rivera-demo","2024-10-25 10:52:36 UTC","","Sending over the doc now.","INBOX","","false","false"
"demo-conv-0107","","Sam Rivera","https://www.linkedin.com/in/sam-rivera-demo","Ingrid Delgado","https://www.linkedin.com/in/ingrid-delgado-demo","2024-10-24 14:07:42 UTC","","Do you have a template for that?","INBOX","","false","false"
"demo-conv-0034","","Dev Adeyemi","https://www.linkedin.com/in/dev-adeyemi-demo","Sam Rivera","https://www.linkedin.com/in/sam-rivera-demo","2024-10-24 12:34:41 UTC","","Thanks for the intro last week, that was really helpful.","INBOX","","false","false"
"demo-conv-0114","","Jordan Eriksen","https://www.linkedin.com/in/jordan-eriksen-demo","Sam Rivera","https://www.linkedin.com/in/sam-rivera-demo","2024-10-21 19:35:42 UTC","","Sure, works for me.","INBOX","","false","false"
"demo-conv-0047","","Leo Iyer","https://www.linkedin.com/in/leo-iyer-demo","Sam Rivera","https://www.linkedin.com/in/sam-rivera-demo","2024-10-21 16:27:42 UTC","","Congrats on the launch!","INBOX","","false","false"
"demo-conv-0086","","Sam Rivera","https://www.linkedin.com/in/sam-rivera-demo","Callum Nakamura","https://www.linkedin.com/in/callum-nakamura-demo","2024-10-21 13:14:15 UTC","","Let me check with the team and get back to you.","INBOX","","false","false"
"demo-conv-0010","","Sam Rivera","https://www.linkedin.com/in/sam-rivera-demo","Wesley Marchetti","https://www.linkedin.com/in/wesley-marchetti-demo","2024-10-21 04:35:36 UTC","","Are you around for a call Thursday?","INBOX","","false","false"
"demo-conv-0108","","Sam Rivera","https://www.linkedin.com/in/sam-rivera-demo","Talia Petrov","https://www.linkedin.com/in/talia-petrov-demo","2024-10-20 13:10:34 UTC","","Thanks for the intro last week, that was really helpful.","INBOX","","false","false"
"demo-conv-0000","","Sam Rivera","https://www.linkedin.com/in/sam-rivera-demo","Priya Okafor","https://www.linkedin.com/in/priya-okafor-demo","2024-10-18 16:54:00 UTC","","Saw your post, great points on activation.","INBOX","","false","false"
"demo-conv-0069","","Theo Lockhart","https://www.linkedin.com/in/theo-lockhart-demo","Sam Rivera","https://www.linkedin.com/in/sam-rivera-demo","2024-10-18 10:15:09 UTC","","Appreciate it!","INBOX","","false","false"
"demo-conv-0038","","Felix Grimaldi","https://www.linkedin.com/in/felix-grimaldi-demo","Sam Rivera","https://www.linkedin.com/in/sam-rivera-demo","2024-10-16 19:00:49 UTC","","Saw your post, great points on activation.","INBOX","","false","false"
"demo-conv-0086","","Callum Nakamura","https://www.linkedin.com/in/callum-nakamura-demo","Sam Rivera","https://www.linkedin.com/in/sam-rivera-demo","2024-10-13 22:10:34 UTC","","Following up on this.","INBOX","","false","false"
"demo-conv-0024","","Sam Rivera","https://www.linkedin.com/in/sam-rivera-demo","Petra Quintero","https://www.linkedin.com/in/petra-quintero-demo","2024-10-12 20:14:00 UTC","","Saw your post, great points on activation.","INBOX","","false","false"
"demo-conv-0010","","Wesley Marchetti","https://www.linkedin.com/in/wesley-marchetti-demo","Sam Rivera","https://www.linkedin.com/in/sam-rivera-demo","2024-10-11 13:36:02 UTC","","Do you have a template for that?","INBOX","","false","false"
"demo-conv-0108","","Sam Rivera","https://www.linkedin.com/in/sam-rivera-demo","Talia Petrov","https://www.linkedin.com/in/talia-petrov-demo","2024-10-10 20:51:00 UTC","","Let me check with the team and get back to you.","INBOX","","false","false"
"demo-conv-0069","","Sam Rivera","https://www.linkedin.com/in/sam-rivera-demo","Theo Lockhart","https://www.linkedin.com/in/theo-lockhart-demo","2024-10-10 09:15:23 UTC","","Thanks for the intro last week, that was really helpful.","INBOX","","false","false"
"demo-conv-0032","","Lucia Abernathy","https://www.linkedin.com/in/lucia-abernathy-demo","Sam Rivera","https://www.linkedin.com/in/sam-rivera-demo","2024-10-07 15:30:35 UTC","","Do you have a template for that?","INBOX","","false","false"
"demo-conv-0000","","Priya Okafor","https://www.linkedin.com/in/priya-okafor-demo","Sam Rivera","https://www.linkedin.com/in/sam-rivera-demo","2024-10-07 13:18:00 UTC","","Do you have a template for that?","INBOX","","false","false"
"demo-conv-0086","","Callum Nakamura","https://www.linkedin.com/in/callum-nakamura-demo","Sam Rivera","https://www.linkedin.com/in/sam-rivera-demo","2024-10-06 07:18:53 UTC","","Yes, sent it over.","INBOX","","false","false"
"demo-conv-0111","","Dev Kowalski","https://www.linkedin.com/in/dev-kowalski-demo","Sam Rivera","https://www.linkedin.com/in/sam-rivera-demo","2024-10-05 03:31:21 UTC","","Thanks for the intro last week, that was really helpful.","INBOX","","false","false"
"demo-conv-0116","","Wren Petrov","https://www.linkedin.com/in/wren-petrov-demo","Sam Rivera","https://www.linkedin.com/in/sam-rivera-demo","2024-10-04 07:17:00 UTC","","Appreciate it!","INBOX","","false","false"
"demo-conv-0034","","Sam Rivera","https://www.linkedin.com/in/sam-rivera-demo","Dev Adeyemi","https://www.linkedin.com/in/dev-adeyemi-demo","2024-10-01 15:56:20 UTC","","Would love to catch up when you are in town.","INBOX","","false","false"
"demo-conv-0069","","Sam Rivera","https://www.linkedin.com/in/sam-rivera-demo","Theo Lockhart","https://www.linkedin.com/in/theo-lockhart-demo","2024-10-01 15:40:38 UTC","","Congrats on the launch!","INBOX","","false","false"
"demo-conv-0010","","Sam Rivera","https://www.linkedin.com/in/sam-rivera-demo","Wesley Marchetti","https://www.linkedin.com/in/wesley-marchetti-demo","2024-10-01 15:33:28 UTC","","Appreciate it!","INBOX","","false","false"
"demo-conv-0108","","Sam Rivera","https://www.linkedin.com/in/sam-rivera-demo","Talia Petrov","https://www.linkedin.com/in/talia-petrov-demo","2024-10-01 13:10:25 UTC","","That makes sense, thank you.","INBOX","","false","false"
"demo-conv-0107","","Ingrid Delgado","https://www.linkedin.com/in/ingrid-delgado-demo","Sam Rivera","https://www.linkedin.com/in/sam-rivera-demo","2024-09-30 15:01:17 UTC","","Congrats on the launch!","INBOX","","false","false"
"demo-conv-0008","","Sam Rivera","https://www.linkedin.com/in/sam-rivera-demo","Diego Adeyemi","https://www.linkedin.com/in/diego-adeyemi-demo","2024-09-29 12:03:03 UTC","","Congrats on the launch!","INBOX","","false","false"
"demo-conv-0086","","Sam Rivera","https://www.linkedin.com/in/sam-rivera-demo","Callum Nakamura","https://www.linkedin.com/in/callum-nakamura-demo","2024-09-28 11:16:12 UTC","","Are you around for a call Thursday?","INBOX","","false","false"
"demo-conv-0084","","Sam Rivera","https://www.linkedin.com/in/sam-rivera-demo","Otto Iyer","https://www.linkedin.com/in/otto-iyer-demo","2024-09-26 21:52:00 UTC","","Saw your post, great points on activation.","INBOX","","false","false"
"demo-conv-0000","","Sam Rivera","https://www.linkedin.com/in/sam-rivera-demo","Priya Okafor","https://www.linkedin.com/in/priya-okafor-demo","2024-09-26 19:51:00 UTC","","That makes sense, thank you.","INBOX","","false","false"
"demo-conv-0120","","Greta Osei","https://www.linkedin.com/in/greta-osei-demo","Sam Rivera","https://www.linkedin.com/in/sam-rivera-demo","2024-09-25 23:59:00 UTC","","Quick question about the onboarding flow.","INBOX","","false","false"
"demo-conv-0069","","Sam Rivera","https://www.linkedin.com/in/sam-rivera-demo","Theo Lockhart","https://www.linkedin.com/in/theo-lockhart-demo","2024-09-23 13:11:52 UTC","","Sure, works for me.","INBOX","","false","false"
"demo-conv-0009","","Sam Rivera","https://www.linkedin.com/in/sam-rivera-demo","Hana Kowalski","https://www.linkedin.com/in/hana-kowalski-demo","2024-09-23 06:53:23 UTC","","Let me check with the team and get back to you.","INBOX","","false","false"
"demo-conv-0108","","Talia Petrov","https://www.linkedin.com/in/talia-petrov-demo","Sam Rivera","https://www.linkedin.com/in/sam-rivera-demo","2024-09-21 17:02:51 UTC","","Yes, sent it over.","INBOX","","false","false"
"demo-conv-0010","","Wesley Marchetti","https://www.linkedin.com/in/wesley-marchetti-demo","Sam Rivera","https://www.linkedin.com/in/sam-rivera-demo","2024-09-21 12:11:55 UTC","","Let me check with the team and get back to you.","INBOX","","false","false"
"demo-conv-0086","","Sam Rivera","https://www.linkedin.com/in/sam-rivera-demo","Callum Nakamura","https://www.linkedin.com/in/callum-nakamura-demo","2024-09-20 23:24:31 UTC","","Would love to catch up when you are in town.","INBOX","","false","false"
"demo-conv-0016","","Sloane Kowalski","https://www.linkedin.com/in/sloane-kowalski-demo","Sam Rivera","https://www.linkedin.com/in/sam-rivera-demo","2024-09-20 00:36:51 UTC","","Sure, works for me.","INBOX","","false","false"
"demo-conv-0032","","Sam Rivera","https://www.linkedin.com/in/sam-rivera-demo","Lucia Abernathy","https://www.linkedin.com/in/lucia-abernathy-demo","2024-09-19 11:20:06 UTC","","Yes, sent it over.","INBOX","","false","false"
"demo-conv-0047","","Sam Rivera","https://www.linkedin.com/in/sam-rivera-demo","Leo Iyer","https://www.linkedin.com/in/leo-iyer-demo","2024-09-18 04:47:08 UTC","","Quick question about the onboarding flow.","INBOX","","false","false"
"demo-conv-0000","","Priya Okafor","https://www.linkedin.com/in/priya-okafor-demo","Sam Rivera","https://www.linkedin.com/in/sam-rivera-demo","2024-09-15 15:30:00 UTC","","Do you have a template for that?","INBOX","","false","false"
"demo-conv-0069","","Theo Lockhart","https://www.linkedin.com/in/theo-lockhart-demo","Sam Rivera","https://www.linkedin.com/in/sam-rivera-demo","2024-09-15 07:20:06 UTC","","Thanks for the intro last week, that was really helpful.","INBOX","","false","false"
"demo-conv-0086","","Callum Nakamura","https://www.linkedin.com/in/callum-nakamura-demo","Sam Rivera","https://www.linkedin.com/in/sam-rivera-demo","2024-09-13 14:30:50 UTC","","Let me check with the team and get back to you.","INBOX","","false","false"
"demo-conv-0108","","Sam Rivera","https://www.linkedin.com/in/sam-rivera-demo","Talia Petrov","https://www.linkedin.com/in/talia-petrov-demo","2024-09-12 05:34:17 UTC","","Would love to catch up when you are in town.","INBOX","","false","false"
"demo-conv-0010","","Wesley Marchetti","https://www.linkedin.com/in/wesley-marchetti-demo","Sam Rivera","https://www.linkedin.com/in/sam-rivera-demo","2024-09-11 20:21:21 UTC","","That makes sense, thank you.","INBOX","","false","false"
"demo-conv-0034","","Dev Adeyemi","https://www.linkedin.com/in/dev-adeyemi-demo","Sam Rivera","https://www.linkedin.com/in/sam-rivera-demo","2024-09-08 15:38:00 UTC","","Appreciate it!","INBOX","","false","false"
"demo-conv-0069","","Theo Lockhart","https://www.linkedin.com/in/theo-lockhart-demo","Sam Rivera","https://www.linkedin.com/in/sam-rivera-demo","2024-09-07 02:23:21 UTC","","Thanks for the intro last week, that was really helpful.","INBOX","","false","false"
"demo-conv-0107","","Sam Rivera","https://www.linkedin.com/in/sam-rivera-demo","Ingrid Delgado","https://www.linkedin.com/in/ingrid-delgado-demo","2024-09-06 19:01:51 UTC","","Do you have a template for that?","INBOX","","false","false"
"demo-conv-0086","","Callum Nakamura","https://www.linkedin.com/in/callum-nakamura-demo","Sam Rivera","https://www.linkedin.com/in/sam-rivera-demo","2024-09-06 02:14:09 UTC","","Ha, exactly.","INBOX","","false","false"
"demo-conv-0000","","Priya Okafor","https://www.linkedin.com/in/priya-okafor-demo","Sam Rivera","https://www.linkedin.com/in/sam-rivera-demo","2024-09-04 16:18:00 UTC","","Sending over the doc now.","INBOX","","false","false"
"demo-conv-0108","","Talia Petrov","https://www.linkedin.com/in/talia-petrov-demo","Sam Rivera","https://www.linkedin.com/in/sam-rivera-demo","2024-09-02 15:53:42 UTC","","Thanks for the intro last week, that was really helpful.","INBOX","","false","false"
"demo-conv-0010","","Wesley Marchetti","https://www.linkedin.com/in/wesley-marchetti-demo","Sam Rivera","https://www.linkedin.com/in/sam-rivera-demo","2024-09-01 22:37:47 UTC","","Appreciate it!","INBOX","","false","false"
"demo-conv-0032","","Lucia Abernathy","https://www.linkedin.com/in/lucia-abernathy-demo","Sam Rivera","https://www.linkedin.com/in/sam-rivera-demo","2024-09-01 12:49:37 UTC","","Saw your post, great points on activation.","INBOX","","false","false"
"demo-conv-0069","","Theo Lockhart","https://www.linkedin.com/in/theo-lockhart-demo","Sam Rivera","https://www.linkedin.com/in/sam-rivera-demo","2024-08-29 18:39:35 UTC","","Let me check with the team and get back to you.","INBOX","","false","false"
"demo-conv-0086","","Callum Nakamura","https://www.linkedin.com/in/callum-nakamura-demo","Sam Rivera","https://www.linkedin.com/in/sam-rivera-demo","2024-08-29 05:36:28 UTC","","Ha, exactly.","INBOX","","false","false"
"demo-conv-0111","","Sam Rivera","https://www.linkedin.com/in/sam-rivera-demo","Dev Kowalski","https://www.linkedin.com/in/dev-kowalski-demo","2024-08-27 20:33:00 UTC","","Congrats on the launch!","INBOX","","false","false"
"demo-conv-0008","","Diego Adeyemi","https://www.linkedin.com/in/diego-adeyemi-demo","Sam Rivera","https://www.linkedin.com/in/sam-rivera-demo","2024-08-26 18:34:47 UTC","","That makes sense, thank you.","INBOX","","false","false"
"demo-conv-0000","","Priya Okafor","https://www.linkedin.com/in/priya-okafor-demo","Sam Rivera","https://www.linkedin.com/in/sam-rivera-demo","2024-08-24 13:07:00 UTC","","Would love to catch up when you are in town.","INBOX","","false","false"
"demo-conv-0108","","Sam Rivera","https://www.linkedin.com/in/sam-rivera-demo","Talia Petrov","https://www.linkedin.com/in/talia-petrov-demo","2024-08-24 08:01:08 UTC","","Congrats on the launch!","INBOX","","false","false"
"demo-conv-0010","","Sam Rivera","https://www.linkedin.com/in/sam-rivera-demo","Wesley Marchetti","https://www.linkedin.com/in/wesley-marchetti-demo","2024-08-22 17:14:14 UTC","","Would love to catch up when you are in town.","INBOX","","false","false"
"demo-conv-0116","","Wren Petrov","https://www.linkedin.com/in/wren-petrov-demo","Sam Rivera","https://www.linkedin.com/in/sam-rivera-demo","2024-08-22 12:51:00 UTC","","Congrats on the launch!","INBOX","","false","false"
"demo-conv-0009","","Hana Kowalski","https://www.linkedin.com/in/hana-kowalski-demo","Sam Rivera","https://www.linkedin.com/in/sam-rivera-demo","2024-08-21 20:52:09 UTC","","Saw your post, great points on activation.","INBOX","","false","false"
"demo-conv-0086","","Callum Nakamura","https://www.linkedin.com/in/callum-nakamura-demo","Sam Rivera","https://www.linkedin.com/in/sam-rivera-demo","2024-08-21 18:11:47 UTC","","Following up on this.","INBOX","","false","false"
"demo-conv-0069","","Sam Rivera","https://www.linkedin.com/in/sam-rivera-demo","Theo Lockhart","https://www.linkedin.com/in/theo-lockhart-demo","2024-08-21 08:24:49 UTC","","Do you have a template for that?","INBOX","","false","false"
"demo-conv-0038","","Sam Rivera","https://www.linkedin.com/in/sam-rivera-demo","Felix Grimaldi","https://www.linkedin.com/in/felix-grimaldi-demo","2024-08-20 16:32:00 UTC","","Sending over the doc now.","INBOX","","false","false"
"demo-conv-0034","","Sam Rivera","https://www.linkedin.com/in/sam-rivera-demo","Dev Adeyemi","https://www.linkedin.com/in/dev-adeyemi-demo","2024-08-16 22:28:39 UTC","","Saw your post, great points on activation.","INBOX","","false","false"
"demo-conv-0047","","Leo Iyer","https://www.linkedin.com/in/leo-iyer-demo","Sam Rivera","https://www.linkedin.com/in/sam-rivera-demo","2024-08-15 10:36:34 UTC","","Following up on this.","INBOX","","false","false"
"demo-conv-0108","","Talia Petrov","https://www.linkedin.com/in/talia-petrov-demo","Sam Rivera","https://www.linkedin.com/in/sam-rivera-demo","2024-08-14 09:52:34 UTC","","Congrats on the launch!","INBOX","","false","false"
"demo-conv-0086","","Callum Nakamura","https://www.linkedin.com/in/callum-nakamura-demo","Sam Rivera","https://www.linkedin.com/in/sam-rivera-demo","2024-08-14 03:46:06 UTC","","Sure, works for me.","INBOX","","false","false"
"demo-conv-0032","","Sam Rivera","https://www.linkedin.com/in/sam-rivera-demo","Lucia Abernathy","https://www.linkedin.com/in/lucia-abernathy-demo","2024-08-13 23:18:08 UTC","","Quick question about the onboarding flow.","INBOX","","false","false"
"demo-conv-0000","","Sam Rivera","https://www.linkedin.com/in/sam-rivera-demo","Priya Okafor","https://www.linkedin.com/in/priya-okafor-demo","2024-08-13 20:35:00 UTC","","Sure, works for me.","INBOX","","false","false"
"demo-conv-0107","","Ingrid Delgado","https://www.linkedin.com/in/ingrid-delgado-demo","Sam Rivera","https://www.linkedin.com/in/sam-rivera-demo","2024-08-13 18:52:25 UTC","","Saw your post, great points on activation.","INBOX","","false","false"
"demo-conv-0010","","Wesley Marchetti","https://www.linkedin.com/in/wesley-marchetti-demo","Sam Rivera","https://www.linkedin.com/in/sam-rivera-demo","2024-08-13 02:37:40 UTC","","Are you around for a call Thursday?","INBOX","","false","false"
"demo-conv-0016","","Sam Rivera","https://www.linkedin.com/in/sam-rivera-demo","Sloane Kowalski","https://www.linkedin.com/in/sloane-kowalski-demo","2024-08-12 23:50:08 UTC","","Ha, exactly.","INBOX","","false","false"
"demo-conv-0069","","Theo Lockhart","https://www.linkedin.com/in/theo-lockhart-demo","Sam Rivera","https://www.linkedin.com/in/sam-rivera-demo","2024-08-12 21:16:04 UTC","","Sending over the doc now.","INBOX","","false","false"
"demo-conv-0121","","Sam Rivera","https://www.linkedin.com/in/sam-rivera-demo","Priya Nakamura","https://www.linkedin.com/in/priya-nakamura-demo","2024-08-10 20:30:00 UTC","","Yes, sent it over.","INBOX","","false","false"
"demo-conv-0114","","Sam Rivera","https://www.linkedin.com/in/sam-rivera-demo","Jordan Eriksen","https://www.linkedin.com/in/jordan-eriksen-demo","2024-08-10 18:56:00 UTC","","Appreciate it!","INBOX","","false","false"
"demo-conv-0121","","Priya Nakamura","https://www.linkedin.com/in/priya-nakamura-demo","Sam Rivera","https://www.linkedin.com/in/sam-rivera-demo","2024-08-09 18:24:00 UTC","","Thanks for the intro last week, that was really helpful.","INBOX","","false","false"
"demo-conv-0120","","Sam Rivera","https://www.linkedin.com/in/sam-rivera-demo","Greta Osei","https://www.linkedin.com/in/greta-osei-demo","2024-08-08 17:40:00 UTC","","Sending over the doc now.","INBOX","","false","false"
"demo-conv-0121","","Sam Rivera","https://www.linkedin.com/in/sam-rivera-demo","Priya Nakamura","https://www.linkedin.com/in/priya-nakamura-demo","2024-08-08 17:12:00 UTC","","Do you have a template for that?","INBOX","","false","false"
"demo-conv-0086","","Sam Rivera","https://www.linkedin.com/in/sam-rivera-demo","Callum Nakamura","https://www.linkedin.com/in/callum-nakamura-demo","2024-08-06 17:47:25 UTC","","Appreciate it!","INBOX","","false","false"
"demo-conv-0108","","Sam Rivera","https://www.linkedin.com/in/sam-rivera-demo","Talia Petrov","https://www.linkedin.com/in/talia-petrov-demo","2024-08-05 01:00:00 UTC","","Congrats on the launch!","INBOX","","false","false"
"demo-conv-0069","","Sam Rivera","https://www.linkedin.com/in/sam-rivera-demo","Theo Lockhart","https://www.linkedin.com/in/theo-lockhart-demo","2024-08-04 19:01:18 UTC","","Sure, works for me.","INBOX","","false","false"
"demo-conv-0010","","Sam Rivera","https://www.linkedin.com/in/sam-rivera-demo","Wesley Marchetti","https://www.linkedin.com/in/wesley-marchetti-demo","2024-08-03 04:25:06 UTC","","Let me check with the team and get back to you.","INBOX","","false","false"
"demo-conv-0000","","Priya Okafor","https://www.linkedin.com/in/priya-okafor-demo","Sam Rivera","https://www.linkedin.com/in/sam-rivera-demo","2024-08-02 19:47:00 UTC","","Yes, sent it over.","INBOX","","false","false"
"demo-conv-0086","","Callum Nakamura","https://www.linkedin.com/in/callum-nakamura-demo","Sam Rivera","https://www.linkedin.com/in/sam-rivera-demo","2024-07-30 03:04:44 UTC","","Thanks for the intro last week, that was really helpful.","INBOX","","false","false"
"demo-conv-0096","","Sam Rivera","https://www.linkedin.com/in/sam-rivera-demo","Mateo Sallow","https://www.linkedin.com/in/mateo-sallow-demo","2024-07-27 15:56:00 UTC","","Let me check with the team and get back to you.","INBOX","","false","false"
"demo-conv-0069","","Sam Rivera","https://www.linkedin.com/in/sam-rivera-demo","Theo Lockhart","https://www.linkedin.com/in/theo-lockhart-demo","2024-07-27 11:07:32 UTC","","Are you around for a call Thursday?","INBOX","","false","false"
"demo-conv-0032","","Lucia Abernathy","https://www.linkedin.com/in/lucia-abernathy-demo","Sam Rivera","https://www.linkedin.com/in/sam-rivera-demo","2024-07-27 01:06:39 UTC","","Do you have a template for that?","INBOX","","false","false"
"demo-conv-0108","","Talia Petrov","https://www.linkedin.com/in/talia-petrov-demo","Sam Rivera","https://www.linkedin.com/in/sam-rivera-demo","2024-07-26 09:28:25 UTC","","Appreciate it!","INBOX","","false","false"
"demo-conv-0096","","Mateo Sallow","https://www.linkedin.com/in/mateo-sallow-demo","Sam Rivera","https://www.linkedin.com/in/sam-rivera-demo","2024-07-26 04:28:00 UTC","","Sending over the doc now.","INBOX","","false","false"
"demo-conv-0096","","Sam Rivera","https://www.linkedin.com/in/sam-rivera-demo","Mateo Sallow","https://www.linkedin.com/in/mateo-sallow-demo","2024-07-24 15:49:00 UTC","","Thanks for the intro last week, that was really helpful.","INBOX","","false","false"
"demo-conv-0034","","Dev Adeyemi","https://www.linkedin.com/in/dev-adeyemi-demo","Sam Rivera","https://www.linkedin.com/in/sam-rivera-demo","2024-07-24 14:00:18 UTC","","Sending over the doc now.","INBOX","","false","false"
"demo-conv-0010","","Wesley Marchetti","https://www.linkedin.com/in/wesley-marchetti-demo","Sam Rivera","https://www.linkedin.com/in/sam-rivera-demo","2024-07-24 06:29:33 UTC","","Sending over the doc now.","INBOX","","false","false"
"demo-conv-0008","","Sam Rivera","https://www.linkedin.com/in/sam-rivera-demo","Diego Adeyemi","https://www.linkedin.com/in/diego-adeyemi-demo","2024-07-24 05:47:31 UTC","","Thanks for the intro last week, that was really helpful.","INBOX","","false","false"
"demo-conv-0000","","Sam Rivera","https://www.linkedin.com/in/sam-rivera-demo","Priya Okafor","https://www.linkedin.com/in/priya-okafor-demo","2024-07-22 16:10:00 UTC","","Thanks for the intro last week, that was really helpful.","INBOX","","false","false"
"demo-conv-0086","","Sam Rivera","https://www.linkedin.com/in/sam-rivera-demo","Callum Nakamura","https://www.linkedin.com/in/callum-nakamura-demo","2024-07-22 13:18:03 UTC","","Saw your post, great points on activation.","INBOX","","false","false"
"demo-conv-0009","","Sam Rivera","https://www.linkedin.com/in/sam-rivera-demo","Hana Kowalski","https://www.linkedin.com/in/hana-kowalski-demo","2024-07-21 00:15:55 UTC","","Appreciate it!","INBOX","","false","false"
"demo-conv-0107","","Sam Rivera","https://www.linkedin.com/in/sam-rivera-demo","Ingrid Delgado","https://www.linkedin.com/in/ingrid-delgado-demo","2024-07-20 21:51:00 UTC","","Yes, sent it over.","INBOX","","false","false"
"demo-conv-0069","","Sam Rivera","https://www.linkedin.com/in/sam-rivera-demo","Theo Lockhart","https://www.linkedin.com/in/theo-lockhart-demo","2024-07-18 23:48:47 UTC","","Following up on this.","INBOX","","false","false"
"demo-conv-0108","","Sam Rivera","https://www.linkedin.com/in/sam-rivera-demo","Talia Petrov","https://www.linkedin.com/in/talia-petrov-demo","2024-07-16 23:44:51 UTC","","Do you have a template for that?","INBOX","","false","false"
"demo-conv-0086","","Callum Nakamura","https://www.linkedin.com/in/callum-nakamura-demo","Sam Rivera","https://www.linkedin.com/in/sam-rivera-demo","2024-07-14 19:55:22 UTC","","Sending over the doc now.","INBOX","","false","false"
"demo-conv-0010","","Wesley Marchetti","https://www.linkedin.com/in/wesley-marchetti-demo","Sam Rivera","https://www.linkedin.com/in/sam-rivera-demo","2024-07-14 10:51:59 UTC","","Do you have a template for that?","INBOX","","false","false"
"demo-conv-0047","","Sam Rivera","https://www.linkedin.com/in/sam-rivera-demo","Leo Iyer","https://www.linkedin.com/in/leo-iyer-demo","2024-07-12 14:03:00 UTC","","Sending over the doc now.","INBOX","","false","false"
"demo-conv-0000","","Priya Okafor","https://www.linkedin.com/in/priya-okafor-demo","Sam Rivera","https://www.linkedin.com/in/sam-rivera-demo","2024-07-11 12:19:00 UTC","","Do you have a template for that?","INBOX","","false","false"
"demo-conv-0069","","Theo Lockhart","https://www.linkedin.com/in/theo-lockhart-demo","Sam Rivera","https://www.linkedin.com/in/sam-rivera-demo","2024-07-10 14:08:01 UTC","","Quick question about the onboarding flow.","INBOX","","false","false"
"demo-conv-0032","","Sam Rivera","https://www.linkedin.com/in/sam-rivera-demo","Lucia Abernathy","https://www.linkedin.com/in/lucia-abernathy-demo","2024-07-08 12:31:10 UTC","","Quick question about the onboarding flow.","INBOX","","false","false"
"demo-conv-0086","","Sam Rivera","https://www.linkedin.com/in/sam-rivera-demo","Callum Nakamura","https://www.linkedin.com/in/callum-nakamura-demo","2024-07-07 07:28:41 UTC","","Quick question about the onboarding flow.","INBOX","","false","false"
"demo-conv-0108","","Talia Petrov","https://www.linkedin.com/in/talia-petrov-demo","Sam Rivera","https://www.linkedin.com/in/sam-rivera-demo","2024-07-07 04:31:17 UTC","","That makes sense, thank you.","INBOX","","false","false"
"demo-conv-0016","","Sloane Kowalski","https://www.linkedin.com/in/sloane-kowalski-demo","Sam Rivera","https://www.linkedin.com/in/sam-rivera-demo","2024-07-06 08:01:25 UTC","","Yes, sent it over.","INBOX","","false","false"
"demo-conv-0010","","Wesley Marchetti","https://www.linkedin.com/in/wesley-marchetti-demo","Sam Rivera","https://www.linkedin.com/in/sam-rivera-demo","2024-07-04 05:38:25 UTC","","Would love to catch up when you are in town.","INBOX","","false","false"
"demo-conv-0069","","Theo Lockhart","https://www.linkedin.com/in/theo-lockhart-demo","Sam Rivera","https://www.linkedin.com/in/sam-rivera-demo","2024-07-02 09:45:15 UTC","","Sure, works for me.","INBOX","","false","false"
"demo-conv-0028","","Greta Castellano","https://www.linkedin.com/in/greta-castellano-demo","Sam Rivera","https://www.linkedin.com/in/sam-rivera-demo","2024-07-01 19:53:00 UTC","","Are you around for a call Thursday?","INBOX","","false","false"
"demo-conv-0034","","Sam Rivera","https://www.linkedin.com/in/sam-rivera-demo","Dev Adeyemi","https://www.linkedin.com/in/dev-adeyemi-demo","2024-07-01 14:59:57 UTC","","Sure, works for me.","INBOX","","false","false"
"demo-conv-0000","","Priya Okafor","https://www.linkedin.com/in/priya-okafor-demo","Sam Rivera","https://www.linkedin.com/in/sam-rivera-demo","2024-06-30 18:25:00 UTC","","Do you have a template for that?","INBOX","","false","false"
"demo-conv-0028","","Greta Castellano","https://www.linkedin.com/in/greta-castellano-demo","Sam Rivera","https://www.linkedin.com/in/sam-rivera-demo","2024-06-29 20:59:00 UTC","","That makes sense, thank you.","INBOX","","false","false"
"demo-conv-0086","","Callum Nakamura","https://www.linkedin.com/in/callum-nakamura-demo","Sam Rivera","https://www.linkedin.com/in/sam-rivera-demo","2024-06-29 18:01:00 UTC","","Sure, works for me.","INBOX","","false","false"
"demo-conv-0108","","Sam Rivera","https://www.linkedin.com/in/sam-rivera-demo","Talia Petrov","https://www.linkedin.com/in/talia-petrov-demo","2024-06-27 19:21:42 UTC","","Thanks for the intro last week, that was really helpful.","INBOX","","false","false"
"demo-conv-0010","","Sam Rivera","https://www.linkedin.com/in/sam-rivera-demo","Wesley Marchetti","https://www.linkedin.com/in/wesley-marchetti-demo","2024-06-24 06:26:51 UTC","","Let me check with the team and get back to you.","INBOX","","false","false"
"demo-conv-0069","","Theo Lockhart","https://www.linkedin.com/in/theo-lockhart-demo","Sam Rivera","https://www.linkedin.com/in/sam-rivera-demo","2024-06-23 21:25:30 UTC","","Let me check with the team and get back to you.","INBOX","","false","false"
"demo-conv-0086","","Sam Rivera","https://www.linkedin.com/in/sam-rivera-demo","Callum Nakamura","https://www.linkedin.com/in/callum-nakamura-demo","2024-06-22 06:26:18 UTC","","Saw your post, great points on activation.","INBOX","","false","false"
"demo-conv-0032","","Lucia Abernathy","https://www.linkedin.com/in/lucia-abernathy-demo","Sam Rivera","https://www.linkedin.com/in/sam-rivera-demo","2024-06-20 13:15:41 UTC","","Thanks for the intro last week, that was really helpful.","INBOX","","false","false"
"demo-conv-0008","","Diego Adeyemi","https://www.linkedin.com/in/diego-adeyemi-demo","Sam Rivera","https://www.linkedin.com/in/sam-rivera-demo","2024-06-20 07:40:15 UTC","","Quick question about the onboarding flow.","INBOX","","false","false"
"demo-conv-0000","","Priya Okafor","https://www.linkedin.com/in/priya-okafor-demo","Sam Rivera","https://www.linkedin.com/in/sam-rivera-demo","2024-06-19 14:16:00 UTC","","Congrats on the launch!","INBOX","","false","false"
"demo-conv-0009","","Hana Kowalski","https://www.linkedin.com/in/hana-kowalski-demo","Sam Rivera","https://www.linkedin.com/in/sam-rivera-demo","2024-06-18 18:48:41 UTC","","Are you around for a call Thursday?","INBOX","","false","false"
"demo-conv-0108","","Talia Petrov","https://www.linkedin.com/in/talia-petrov-demo","Sam Rivera","https://www.linkedin.com/in/sam-rivera-demo","2024-06-18 04:11:08 UTC","","Are you around for a call Thursday?","INBOX","","false","false"
"demo-conv-0069","","Sam Rivera","https://www.linkedin.com/in/sam-rivera-demo","Theo Lockhart","https://www.linkedin.com/in/theo-lockhart-demo","2024-06-15 18:03:44 UTC","","Yes, sent it over.","INBOX","","false","false"
"demo-conv-0086","","Callum Nakamura","https://www.linkedin.com/in/callum-nakamura-demo","Sam Rivera","https://www.linkedin.com/in/sam-rivera-demo","2024-06-14 16:57:37 UTC","","Let me check with the team and get back to you.","INBOX","","false","false"
"demo-conv-0010","","Wesley Marchetti","https://www.linkedin.com/in/wesley-marchetti-demo","Sam Rivera","https://www.linkedin.com/in/sam-rivera-demo","2024-06-14 11:14:18 UTC","","Sure, works for me.","INBOX","","false","false"
"demo-conv-0027","","Sam Rivera","https://www.linkedin.com/in/sam-rivera-demo","Talia Vance","https://www.linkedin.com/in/talia-vance-demo","2024-06-13 19:10:00 UTC","","Do you have a template for that?","INBOX","","false","false"
"demo-conv-0027","","Talia Vance","https://www.linkedin.com/in/talia-vance-demo","Sam Rivera","https://www.linkedin.com/in/sam-rivera-demo","2024-06-13 18:00:00 UTC","","Congrats on the launch!","INBOX","","false","false"
"demo-conv-0034","","Dev Adeyemi","https://www.linkedin.com/in/dev-adeyemi-demo","Sam Rivera","https://www.linkedin.com/in/sam-rivera-demo","2024-06-08 16:41:37 UTC","","Saw your post, great points on activation.","INBOX","","false","false"
"demo-conv-0000","","Sam Rivera","https://www.linkedin.com/in/sam-rivera-demo","Priya Okafor","https://www.linkedin.com/in/priya-okafor-demo","2024-06-08 15:55:00 UTC","","Thanks for the intro last week, that was really helpful.","INBOX","","false","false"
"demo-conv-0108","","Sam Rivera","https://www.linkedin.com/in/sam-rivera-demo","Talia Petrov","https://www.linkedin.com/in/talia-petrov-demo","2024-06-08 13:48:34 UTC","","Congrats on the launch!","INBOX","","false","false"
"demo-conv-0069","","Theo Lockhart","https://www.linkedin.com/in/theo-lockhart-demo","Sam Rivera","https://www.linkedin.com/in/sam-rivera-demo","2024-06-07 11:44:58 UTC","","Would love to catch up when you are in town.","INBOX","","false","false"
"demo-conv-0086","","Sam Rivera","https://www.linkedin.com/in/sam-rivera-demo","Callum Nakamura","https://www.linkedin.com/in/callum-nakamura-demo","2024-06-06 22:39:56 UTC","","Let me check with the team and get back to you.","INBOX","","false","false"
"demo-conv-0010","","Sam Rivera","https://www.linkedin.com/in/sam-rivera-demo","Wesley Marchetti","https://www.linkedin.com/in/wesley-marchetti-demo","2024-06-04 12:39:44 UTC","","Yes, sent it over.","INBOX","","false","false"
"demo-conv-0072","","Sanaa Iyer","https://www.linkedin.com/in/sanaa-iyer-demo","Sam Rivera","https://www.linkedin.com/in/sam-rivera-demo","2024-06-03 14:47:00 UTC","","Sure, works for me.","INBOX","","false","false"
"demo-conv-0072","","Sam Rivera","https://www.linkedin.com/in/sam-rivera-demo","Sanaa Iyer","https://www.linkedin.com/in/sanaa-iyer-demo","2024-06-03 13:32:00 UTC","","Sure, works for me.","INBOX","","false","false"
"demo-conv-0072","","Sanaa Iyer","https://www.linkedin.com/in/sanaa-iyer-demo","Sam Rivera","https://www.linkedin.com/in/sam-rivera-demo","2024-06-02 23:13:00 UTC","","Yes, sent it over.","INBOX","","false","false"
"demo-conv-0072","","Sanaa Iyer","https://www.linkedin.com/in/sanaa-iyer-demo","Sam Rivera","https://www.linkedin.com/in/sam-rivera-demo","2024-06-02 20:44:00 UTC","","Would love to catch up when you are in town.","INBOX","","false","false"
"demo-conv-0032","","Sam Rivera","https://www.linkedin.com/in/sam-rivera-demo","Lucia Abernathy","https://www.linkedin.com/in/lucia-abernathy-demo","2024-06-02 08:06:12 UTC","","Thanks for the intro last week, that was really helpful.","INBOX","","false","false"
"demo-conv-0086","","Callum Nakamura","https://www.linkedin.com/in/callum-nakamura-demo","Sam Rivera","https://www.linkedin.com/in/sam-rivera-demo","2024-05-30 10:14:15 UTC","","Thanks for the intro last week, that was really helpful.","INBOX","","false","false"
"demo-conv-0069","","Sam Rivera","https://www.linkedin.com/in/sam-rivera-demo","Theo Lockhart","https://www.linkedin.com/in/theo-lockhart-demo","2024-05-30 06:29:13 UTC","","Sending over the doc now.","INBOX","","false","false"
"demo-conv-0108","","Talia Petrov","https://www.linkedin.com/in/talia-petrov-demo","Sam Rivera","https://www.linkedin.com/in/sam-rivera-demo","2024-05-30 00:41:00 UTC","","That makes sense, thank you.","INBOX","","false","false"
"demo-conv-0016","","Sam Rivera","https://www.linkedin.com/in/sam-rivera-demo","Sloane Kowalski","https://www.linkedin.com/in/sloane-kowalski-demo","2024-05-29 05:20:42 UTC","","Thanks for the intro last week, that was really helpful.","INBOX","","false","false"
"demo-conv-0000","","Priya Okafor","https://www.linkedin.com/in/priya-okafor-demo","Sam Rivera","https://www.linkedin.com/in/sam-rivera-demo","2024-05-28 12:16:00 UTC","","Quick question about the onboarding flow.","INBOX","","false","false"
"demo-conv-0049","","Otto Abernathy","https://www.linkedin.com/in/otto-abernathy-demo","Sam Rivera","https://www.linkedin.com/in/sam-rivera-demo","2024-05-26 14:30:00 UTC","","Sending over the doc now.","INBOX","","false","false"
"demo-conv-0010","","Wesley Marchetti","https://www.linkedin.com/in/wesley-marchetti-demo","Sam Rivera","https://www.linkedin.com/in/sam-rivera-demo","2024-05-25 14:56:10 UTC","","Congrats on the launch!","INBOX","","false","false"
"demo-conv-0049","","Sam Rivera","https://www.linkedin.com/in/sam-rivera-demo","Otto Abernathy","https://www.linkedin.com/in/otto-abernathy-demo","2024-05-24 06:50:00 UTC","","Sure, works for me.","INBOX","","false","false"
"demo-conv-0086","","Sam Rivera","https://www.linkedin.com/in/sam-rivera-demo","Callum Nakamura","https://www.linkedin.com/in/callum-nakamura-demo","2024-05-22 20:34:34 UTC","","Yes, sent it over.","INBOX","","false","false"
"demo-conv-0065","","Iris Duarte","https://www.linkedin.com/in/iris-duarte-demo","Sam Rivera","https://www.linkedin.com/in/sam-rivera-demo","2024-05-22 18:00:00 UTC","","Sending over the doc now.","INBOX","","false","false"
"demo-conv-0049","","Otto Abernathy","https://www.linkedin.com/in/otto-abernathy-demo","Sam Rivera","https://www.linkedin.com/in/sam-rivera-demo","2024-05-21 21:37:00 UTC","","Following up on this.","INBOX","","false","false"
"demo-conv-0069","","Theo Lockhart","https://www.linkedin.com/in/theo-lockhart-demo","Sam Rivera","https://www.linkedin.com/in/sam-rivera-demo","2024-05-21 20:15:27 UTC","","That makes sense, thank you.","INBOX","","false","false"
"demo-conv-0065","","Sam Rivera","https://www.linkedin.com/in/sam-rivera-demo","Iris Duarte","https://www.linkedin.com/in/iris-duarte-demo","2024-05-21 14:38:00 UTC","","Do you have a template for that?","INBOX","","false","false"
"demo-conv-0065","","Iris Duarte","https://www.linkedin.com/in/iris-duarte-demo","Sam Rivera","https://www.linkedin.com/in/sam-rivera-demo","2024-05-20 20:53:00 UTC","","Do you have a template for that?","INBOX","","false","false"
"demo-conv-0108","","Sam Rivera","https://www.linkedin.com/in/sam-rivera-demo","Talia Petrov","https://www.linkedin.com/in/talia-petrov-demo","2024-05-20 03:17:25 UTC","","Saw your post, great points on activation.","INBOX","","false","false"
"demo-conv-0065","","Sam Rivera","https://www.linkedin.com/in/sam-rivera-demo","Iris Duarte","https://www.linkedin.com/in/iris-duarte-demo","2024-05-19 18:02:00 UTC","","Congrats on the launch!","INBOX","","false","false"
"demo-conv-0000","","Sam Rivera","https://www.linkedin.com/in/sam-rivera-demo","Priya Okafor","https://www.linkedin.com/in/priya-okafor-demo","2024-05-17 20:36:00 UTC","","Following up on this.","INBOX","","false","false"
"demo-conv-0009","","Sam Rivera","https://www.linkedin.com/in/sam-rivera-demo","Hana Kowalski","https://www.linkedin.com/in/hana-kowalski-demo","2024-05-17 18:15:27 UTC","","Congrats on the launch!","INBOX","","false","false"
"demo-conv-0008","","Diego Adeyemi","https://www.linkedin.com/in/diego-adeyemi-demo","Sam Rivera","https://www.linkedin.com/in/sam-rivera-demo","2024-05-17 13:55:00 UTC","","Let me check with the team and get back to you.","INBOX","","false","false"
"demo-conv-0034","","Sam Rivera","https://www.linkedin.com/in/sam-rivera-demo","Dev Adeyemi","https://www.linkedin.com/in/dev-adeyemi-demo","2024-05-16 22:28:16 UTC","","Appreciate it!","INBOX","","false","false"
"demo-conv-0010","","Sam Rivera","https://www.linkedin.com/in/sam-rivera-demo","Wesley Marchetti","https://www.linkedin.com/in/wesley-marchetti-demo","2024-05-15 15:07:37 UTC","","Sure, works for me.","INBOX","","false","false"
"demo-conv-0086","","Callum Nakamura","https://www.linkedin.com/in/callum-nakamura-demo","Sam Rivera","https://www.linkedin.com/in/sam-rivera-demo","2024-05-15 04:03:53 UTC","","Quick question about the onboarding flow.","INBOX","","false","false"
"demo-conv-0032","","Lucia Abernathy","https://www.linkedin.com/in/lucia-abernathy-demo","Sam Rivera","https://www.linkedin.com/in/sam-rivera-demo","2024-05-15 02:42:43 UTC","","Quick question about the onboarding flow.","INBOX","","false","false"
"demo-conv-0069","","Sam Rivera","https://www.linkedin.com/in/sam-rivera-demo","Theo Lockhart","https://www.linkedin.com/in/theo-lockhart-demo","2024-05-13 06:46:41 UTC","","Congrats on the launch!","INBOX","","false","false"
"demo-conv-0108","","Talia Petrov","https://www.linkedin.com/in/talia-petrov-demo","Sam Rivera","https://www.linkedin.com/in/sam-rivera-demo","2024-05-10 21:22:51 UTC","","Appreciate it!","INBOX","","false","false"
"demo-conv-0086","","Sam Rivera","https://www.linkedin.com/in/sam-rivera-demo","Callum Nakamura","https://www.linkedin.com/in/callum-nakamura-demo","2024-05-07 12:13:12 UTC","","Following up on this.","INBOX","","false","false"
"demo-conv-0000","","Priya Okafor","https://www.linkedin.com/in/priya-okafor-demo","Sam Rivera","https://www.linkedin.com/in/sam-rivera-demo","2024-05-06 20:37:00 UTC","","Sure, works for me.","INBOX","","false","false"
"demo-conv-0010","","Sam Rivera","https://www.linkedin.com/in/sam-rivera-demo","Wesley Marchetti","https://www.linkedin.com/in/wesley-marchetti-demo","2024-05-05 19:55:03 UTC","","Sending over the doc now.","INBOX","","false","false"
"demo-conv-0069","","Theo Lockhart","https://www.linkedin.com/in/theo-lockhart-demo","Sam Rivera","https://www.linkedin.com/in/sam-rivera-demo","2024-05-05 03:57:56 UTC","","Thanks for the intro last week, that was really helpful.","INBOX","","false","false"
"demo-conv-0108","","Sam Rivera","https://www.linkedin.com/in/sam-rivera-demo","Talia Petrov","https://www.linkedin.com/in/talia-petrov-demo","2024-05-01 05:26:17 UTC","","That makes sense, thank you.","INBOX","","false","false"
"demo-conv-0086","","Callum Nakamura","https://www.linkedin.com/in/callum-nakamura-demo","Sam Rivera","https://www.linkedin.com/in/sam-rivera-demo","2024-04-29 23:08:31 UTC","","Quick question about the onboarding flow.","INBOX","","false","false"
"demo-conv-0069","","Sam Rivera","https://www.linkedin.com/in/sam-rivera-demo","Theo Lockhart","https://www.linkedin.com/in/theo-lockhart-demo","2024-04-26 20:58:10 UTC","","Thanks for the intro last week, that was really helpful.","INBOX","","false","false"
"demo-conv-0032","","Sam Rivera","https://www.linkedin.com/in/sam-rivera-demo","Lucia Abernathy","https://www.linkedin.com/in/lucia-abernathy-demo","2024-04-26 16:07:14 UTC","","Thanks for the intro last week, that was really helpful.","INBOX","","false","false"
"demo-conv-0010","","Sam Rivera","https://www.linkedin.com/in/sam-rivera-demo","Wesley Marchetti","https://www.linkedin.com/in/wesley-marchetti-demo","2024-04-25 22:31:29 UTC","","Saw your post, great points on activation.","INBOX","","false","false"
"demo-conv-0000","","Sam Rivera","https://www.linkedin.com/in/sam-rivera-demo","Priya Okafor","https://www.linkedin.com/in/priya-okafor-demo","2024-04-25 20:45:00 UTC","","Yes, sent it over.","INBOX","","false","false"
"demo-conv-0034","","Dev Adeyemi","https://www.linkedin.com/in/dev-adeyemi-demo","Sam Rivera","https://www.linkedin.com/in/sam-rivera-demo","2024-04-24 01:22:55 UTC","","Congrats on the launch!","INBOX","","false","false"
"demo-conv-0086","","Sam Rivera","https://www.linkedin.com/in/sam-rivera-demo","Callum Nakamura","https://www.linkedin.com/in/callum-nakamura-demo","2024-04-22 10:34:50 UTC","","Congrats on the launch!","INBOX","","false","false"
"demo-conv-0108","","Sam Rivera","https://www.linkedin.com/in/sam-rivera-demo","Talia Petrov","https://www.linkedin.com/in/talia-petrov-demo","2024-04-21 14:38:42 UTC","","Would love to catch up when you are in town.","INBOX","","false","false"
"demo-conv-0016","","Sloane Kowalski","https://www.linkedin.com/in/sloane-kowalski-demo","Sam Rivera","https://www.linkedin.com/in/sam-rivera-demo","2024-04-21 07:26:00 UTC","","Congrats on the launch!","INBOX","","false","false"
"demo-conv-0069","","Theo Lockhart","https://www.linkedin.com/in/theo-lockhart-demo","Sam Rivera","https://www.linkedin.com/in/sam-rivera-demo","2024-04-18 15:30:24 UTC","","That makes sense, thank you.","INBOX","","false","false"
"demo-conv-0010","","Wesley Marchetti","https://www.linkedin.com/in/wesley-marchetti-demo","Sam Rivera","https://www.linkedin.com/in/sam-rivera-demo","2024-04-15 23:37:55 UTC","","Following up on this.","INBOX","","false","false"
"demo-conv-0009","","Hana Kowalski","https://www.linkedin.com/in/hana-kowalski-demo","Sam Rivera","https://www.linkedin.com/in/sam-rivera-demo","2024-04-15 07:23:13 UTC","","Following up on this.","INBOX","","false","false"
"demo-conv-0086","","Callum Nakamura","https://www.linkedin.com/in/callum-nakamura-demo","Sam Rivera","https://www.linkedin.com/in/sam-rivera-demo","2024-04-14 23:24:09 UTC","","Yes, sent it over.","INBOX","","false","false"
"demo-conv-0037","","Sam Rivera","https://www.linkedin.com/in/sam-rivera-demo","Noah Eriksen","https://www.linkedin.com/in/noah-eriksen-demo","2024-04-14 15:04:00 UTC","","Sure, works for me.","INBOX","","false","false"
"demo-conv-0000","","Priya Okafor","https://www.linkedin.com/in/priya-okafor-demo","Sam Rivera","https://www.linkedin.com/in/sam-rivera-demo","2024-04-14 14:28:00 UTC","","Following up on this.","INBOX","","false","false"
"demo-conv-0037","","Noah Eriksen","https://www.linkedin.com/in/noah-eriksen-demo","Sam Rivera","https://www.linkedin.com/in/sam-rivera-demo","2024-04-14 05:39:00 UTC","","Thanks for the intro last week, that was really helpful.","INBOX","","false","false"
"demo-conv-0037","","Sam Rivera","https://www.linkedin.com/in/sam-rivera-demo","Noah Eriksen","https://www.linkedin.com/in/noah-eriksen-demo","2024-04-13 13:58:00 UTC","","Are you around for a call Thursday?","INBOX","","false","false"
"demo-conv-0108","","Sam Rivera","https://www.linkedin.com/in/sam-rivera-demo","Talia Petrov","https://www.linkedin.com/in/talia-petrov-demo","2024-04-12 01:26:08 UTC","","Sending over the doc now.","INBOX","","false","false"
"demo-conv-0069","","Sam Rivera","https://www.linkedin.com/in/sam-rivera-demo","Theo Lockhart","https://www.linkedin.com/in/theo-lockhart-demo","2024-04-10 04:21:39 UTC","","That makes sense, thank you.","INBOX","","false","false"
"demo-conv-0075","","Sam Rivera","https://www.linkedin.com/in/sam-rivera-demo","Petra Eriksen","https://www.linkedin.com/in/petra-eriksen-demo","2024-04-08 17:59:00 UTC","","Are you around for a call Thursday?","INBOX","","false","false"
"demo-conv-0032","","Lucia Abernathy","https://www.linkedin.com/in/lucia-abernathy-demo","Sam Rivera","https://www.linkedin.com/in/sam-rivera-demo","2024-04-08 11:31:45 UTC","","Do you have a template for that?","INBOX","","false","false"
"demo-conv-0086","","Sam Rivera","https://www.linkedin.com/in/sam-rivera-demo","Callum Nakamura","https://www.linkedin.com/in/callum-nakamura-demo","2024-04-07 04:07:28 UTC","","Thanks for the intro last week, that was really helpful.","INBOX","","false","false"
"demo-conv-0075","","Petra Eriksen","https://www.linkedin.com/in/petra-eriksen-demo","Sam Rivera","https://www.linkedin.com/in/sam-rivera-demo","2024-04-06 08:47:00 UTC","","Are you around for a call Thursday?","INBOX","","false","false"
"demo-conv-0010","","Sam Rivera","https://www.linkedin.com/in/sam-rivera-demo","Wesley Marchetti","https://www.linkedin.com/in/wesley-marchetti-demo","2024-04-06 05:40:22 UTC","","Yes, sent it over.","INBOX","","false","false"
"demo-conv-0000","","Sam Rivera","https://www.linkedin.com/in/sam-rivera-demo","Priya Okafor","https://www.linkedin.com/in/priya-okafor-demo","2024-04-03 20:26:00 UTC","","Yes, sent it over.","INBOX","","false","false"
"demo-conv-0075","","Sam Rivera","https://www.linkedin.com/in/sam-rivera-demo","Petra Eriksen","https://www.linkedin.com/in/petra-eriksen-demo","2024-04-03 16:03:00 UTC","","Thanks for the intro last week, that was really helpful.","INBOX","","false","false"
"demo-conv-0108","","Talia Petrov","https://www.linkedin.com/in/talia-petrov-demo","Sam Rivera","https://www.linkedin.com/in/sam-rivera-demo","2024-04-02 08:24:34 UTC","","Saw your post, great points on activation.","INBOX","","false","false"
"demo-conv-0069","","Sam Rivera","https://www.linkedin.com/in/sam-rivera-demo","Theo Lockhart","https://www.linkedin.com/in/theo-lockhart-demo","2024-04-02 01:01:53 UTC","","Sure, works for me.","INBOX","","false","false"
"demo-conv-0034","","Sam Rivera","https://www.linkedin.com/in/sam-rivera-demo","Dev Adeyemi","https://www.linkedin.com/in/dev-adeyemi-demo","2024-03-31 20:19:35 UTC","","Quick question about the onboarding flow.","INBOX","","false","false"
"demo-conv-0086","","Callum Nakamura","https://www.linkedin.com/in/callum-nakamura-demo","Sam Rivera","https://www.linkedin.com/in/sam-rivera-demo","2024-03-30 15:35:47 UTC","","Saw your post, great points on activation.","INBOX","","false","false"
"demo-conv-0010","","Sam Rivera","https://www.linkedin.com/in/sam-rivera-demo","Wesley Marchetti","https://www.linkedin.com/in/wesley-marchetti-demo","2024-03-27 01:56:48 UTC","","Thanks for the intro last week, that was really helpful.","INBOX","","false","false"
"demo-conv-0069","","Sam Rivera","https://www.linkedin.com/in/sam-rivera-demo","Theo Lockhart","https://www.linkedin.com/in/theo-lockhart-demo","2024-03-24 07:55:07 UTC","","Ha, exactly.","INBOX","","false","false"
"demo-conv-0108","","Sam Rivera","https://www.linkedin.com/in/sam-rivera-demo","Talia Petrov","https://www.linkedin.com/in/talia-petrov-demo","2024-03-24 01:04:00 UTC","","Saw your post, great points on activation.","INBOX","","false","false"
"demo-conv-0000","","Priya Okafor","https://www.linkedin.com/in/priya-okafor-demo","Sam Rivera","https://www.linkedin.com/in/sam-rivera-demo","2024-03-23 18:38:00 UTC","","Yes, sent it over.","INBOX","","false","false"
"demo-conv-0086","","Sam Rivera","https://www.linkedin.com/in/sam-rivera-demo","Callum Nakamura","https://www.linkedin.com/in/callum-nakamura-demo","2024-03-23 08:58:06 UTC","","Congrats on the launch!","INBOX","","false","false"
"demo-conv-0032","","Sam Rivera","https://www.linkedin.com/in/sam-rivera-demo","Lucia Abernathy","https://www.linkedin.com/in/lucia-abernathy-demo","2024-03-21 07:21:16 UTC","","Ha, exactly.","INBOX","","false","false"
"demo-conv-0010","","Sam Rivera","https://www.linkedin.com/in/sam-rivera-demo","Wesley Marchetti","https://www.linkedin.com/in/wesley-marchetti-demo","2024-03-17 06:44:14 UTC","","Following up on this.","INBOX","","false","false"
"demo-conv-0069","","Sam Rivera","https://www.linkedin.com/in/sam-rivera-demo","Theo Lockhart","https://www.linkedin.com/in/theo-lockhart-demo","2024-03-16 04:14:22 UTC","","That makes sense, thank you.","INBOX","","false","false"
"demo-conv-0086","","Callum Nakamura","https://www.linkedin.com/in/callum-nakamura-demo","Sam Rivera","https://www.linkedin.com/in/sam-rivera-demo","2024-03-15 16:09:25 UTC","","Sending over the doc now.","INBOX","","false","false"
"demo-conv-0020","","Leila Lockhart","https://www.linkedin.com/in/leila-lockhart-demo","Sam Rivera","https://www.linkedin.com/in/sam-rivera-demo","2024-03-14 14:44:00 UTC","","Sending over the doc now.","INBOX","","false","false"
"demo-conv-0040","","Otto Halvorsen","https://www.linkedin.com/in/otto-halvorsen-demo","Sam Rivera","https://www.linkedin.com/in/sam-rivera-demo","2024-03-14 12:01:00 UTC","","Sure, works for me.","INBOX","","false","false"
"demo-conv-0020","","Sam Rivera","https://www.linkedin.com/in/sam-rivera-demo","Leila Lockhart","https://www.linkedin.com/in/leila-lockhart-demo","2024-03-14 09:34:00 UTC","","Let me check with the team and get back to you.","INBOX","","false","false"
"demo-conv-0108","","Talia Petrov","https://www.linkedin.com/in/talia-petrov-demo","Sam Rivera","https://www.linkedin.com/in/sam-rivera-demo","2024-03-14 05:37:25 UTC","","That makes sense, thank you.","INBOX","","false","false"
"demo-conv-0009","","Sam Rivera","https://www.linkedin.com/in/sam-rivera-demo","Hana Kowalski","https://www.linkedin.com/in/hana-kowalski-demo","2024-03-14 05:00:00 UTC","","Thanks for the intro last week, that was really helpful.","INBOX","","false","false"
"demo-conv-0016","","Sam Rivera","https://www.linkedin.com/in/sam-rivera-demo","Sloane Kowalski","https://www.linkedin.com/in/sloane-kowalski-demo","2024-03-14 01:05:17 UTC","","Thanks for the intro last week, that was really helpful.","INBOX","","false","false"
"demo-conv-0020","","Leila Lockhart","https://www.linkedin.com/in/leila-lockhart-demo","Sam Rivera","https://www.linkedin.com/in/sam-rivera-demo","2024-03-13 22:38:00 UTC","","Sending over the doc now.","INBOX","","false","false"
"demo-conv-0020","","Sam Rivera","https://www.linkedin.com/in/sam-rivera-demo","Leila Lockhart","https://www.linkedin.com/in/leila-lockhart-demo","2024-03-13 15:16:00 UTC","","Appreciate it!","INBOX","","false","false"
"demo-conv-0000","","Priya Okafor","https://www.linkedin.com/in/priya-okafor-demo","Sam Rivera","https://www.linkedin.com/in/sam-rivera-demo","2024-03-12 21:59:00 UTC","","Are you around for a call Thursday?","INBOX","","false","false"
"demo-conv-0040","","Sam Rivera","https://www.linkedin.com/in/sam-rivera-demo","Otto Halvorsen","https://www.linkedin.com/in/otto-halvorsen-demo","2024-03-11 17:49:00 UTC","","Would love to catch up when you are in town.","INBOX","","false","false"
"demo-conv-0034","","Dev Adeyemi","https://www.linkedin.com/in/dev-adeyemi-demo","Sam Rivera","https://www.linkedin.com/in/sam-rivera-demo","2024-03-09 00:44:14 UTC","","Sure, works for me.","INBOX","","false","false"
"demo-conv-0086","","Sam Rivera","https://www.linkedin.com/in/sam-rivera-demo","Callum Nakamura","https://www.linkedin.com/in/callum-nakamura-demo","2024-03-08 04:21:44 UTC","","Following up on this.","INBOX","","false","false"
"demo-conv-0069","","Sam Rivera","https://www.linkedin.com/in/sam-rivera-demo","Theo Lockhart","https://www.linkedin.com/in/theo-lockhart-demo","2024-03-07 22:05:36 UTC","","Following up on this.","INBOX","","false","false"
"demo-conv-0010","","Wesley Marchetti","https://www.linkedin.com/in/wesley-marchetti-demo","Sam Rivera","https://www.linkedin.com/in/sam-rivera-demo","2024-03-07 07:22:41 UTC","","Appreciate it!","INBOX","","false","false"
"demo-conv-0108","","Sam Rivera","https://www.linkedin.com/in/sam-rivera-demo","Talia Petrov","https://www.linkedin.com/in/talia-petrov-demo","2024-03-04 16:20:51 UTC","","Saw your post, great points on activation.","INBOX","","false","false"
"demo-conv-0032","","Lucia Abernathy","https://www.linkedin.com/in/lucia-abernathy-demo","Sam Rivera","https://www.linkedin.com/in/sam-rivera-demo","2024-03-03 07:12:47 UTC","","Let me check with the team and get back to you.","INBOX","","false","false"
"demo-conv-0000","","Priya Okafor","https://www.linkedin.com/in/priya-okafor-demo","Sam Rivera","https://www.linkedin.com/in/sam-rivera-demo","2024-03-01 17:11:00 UTC","","Congrats on the launch!","INBOX","","false","false"
"demo-conv-0086","","Callum Nakamura","https://www.linkedin.com/in/callum-nakamura-demo","Sam Rivera","https://www.linkedin.com/in/sam-rivera-demo","2024-02-29 07:38:03 UTC","","Yes, sent it over.","INBOX","","false","false"
"demo-conv-0069","","Theo Lockhart","https://www.linkedin.com/in/theo-lockhart-demo","Sam Rivera","https://www.linkedin.com/in/sam-rivera-demo","2024-02-28 18:43:50 UTC","","Following up on this.","INBOX","","false","false"
"demo-conv-0010","","Sam Rivera","https://www.linkedin.com/in/sam-rivera-demo","Wesley Marchetti","https://www.linkedin.com/in/wesley-marchetti-demo","2024-02-26 16:34:07 UTC","","Congrats on the launch!","INBOX","","false","false"
"demo-conv-0108","","Talia Petrov","https://www.linkedin.com/in/talia-petrov-demo","Sam Rivera","https://www.linkedin.com/in/sam-rivera-demo","2024-02-24 03:37:17 UTC","","Appreciate it!","INBOX","","false","false"
"demo-conv-0086","","Sam Rivera","https://www.linkedin.com/in/sam-rivera-demo","Callum Nakamura","https://www.linkedin.com/in/callum-nakamura-demo","2024-02-22 01:10:22 UTC","","Following up on this.","INBOX","","false","false"
"demo-conv-0069","","Sam Rivera","https://www.linkedin.com/in/sam-rivera-demo","Theo Lockhart","https://www.linkedin.com/in/theo-lockhart-demo","2024-02-20 03:38:05 UTC","","That makes sense, thank you.","INBOX","","false","false"
"demo-conv-0000","","Sam Rivera","https://www.linkedin.com/in/sam-rivera-demo","Priya Okafor","https://www.linkedin.com/in/priya-okafor-demo","2024-02-19 12:42:00 UTC","","Ha, exactly.","INBOX","","false","false"
"demo-conv-0010","","Wesley Marchetti","https://www.linkedin.com/in/wesley-marchetti-demo","Sam Rivera","https://www.linkedin.com/in/sam-rivera-demo","2024-02-16 12:19:33 UTC","","Are you around for a call Thursday?","INBOX","","false","false"
"demo-conv-0034","","Sam Rivera","https://www.linkedin.com/in/sam-rivera-demo","Dev Adeyemi","https://www.linkedin.com/in/dev-adeyemi-demo","2024-02-15 00:22:53 UTC","","Saw your post, great points on activation.","INBOX","","false","false"
"demo-conv-0086","","Callum Nakamura","https://www.linkedin.com/in/callum-nakamura-demo","Sam Rivera","https://www.linkedin.com/in/sam-rivera-demo","2024-02-14 09:23:41 UTC","","Sure, works for me.","INBOX","","false","false"
"demo-conv-0108","","Sam Rivera","https://www.linkedin.com/in/sam-rivera-demo","Talia Petrov","https://www.linkedin.com/in/talia-petrov-demo","2024-02-14 08:09:42 UTC","","That makes sense, thank you.","INBOX","","false","false"
"demo-conv-0032","","Sam Rivera","https://www.linkedin.com/in/sam-rivera-demo","Lucia Abernathy","https://www.linkedin.com/in/lucia-abernathy-demo","2024-02-13 22:10:18 UTC","","Sending over the doc now.","INBOX","","false","false"
"demo-conv-0069","","Theo Lockhart","https://www.linkedin.com/in/theo-lockhart-demo","Sam Rivera","https://www.linkedin.com/in/sam-rivera-demo","2024-02-11 20:39:19 UTC","","Appreciate it!","INBOX","","false","false"
"demo-conv-0009","","Hana Kowalski","https://www.linkedin.com/in/hana-kowalski-demo","Sam Rivera","https://www.linkedin.com/in/sam-rivera-demo","2024-02-10 23:46:46 UTC","","Thanks for the intro last week, that was really helpful.","INBOX","","false","false"
"demo-conv-0000","","Priya Okafor","https://www.linkedin.com/in/priya-okafor-demo","Sam Rivera","https://www.linkedin.com/in/sam-rivera-demo","2024-02-08 13:31:00 UTC","","Saw your post, great points on activation.","INBOX","","false","false"
"demo-conv-0086","","Sam Rivera","https://www.linkedin.com/in/sam-rivera-demo","Callum Nakamura","https://www.linkedin.com/in/callum-nakamura-demo","2024-02-06 18:57:00 UTC","","Appreciate it!","INBOX","","false","false"
"demo-conv-0010","","Sam Rivera","https://www.linkedin.com/in/sam-rivera-demo","Wesley Marchetti","https://www.linkedin.com/in/wesley-marchetti-demo","2024-02-06 18:19:00 UTC","","Are you around for a call Thursday?","INBOX","","false","false"
"demo-conv-0016","","Sloane Kowalski","https://www.linkedin.com/in/sloane-kowalski-demo","Sam Rivera","https://www.linkedin.com/in/sam-rivera-demo","2024-02-05 09:43:34 UTC","","Ha, exactly.","INBOX","","false","false"
"demo-conv-0108","","Talia Petrov","https://www.linkedin.com/in/talia-petrov-demo","Sam Rivera","https://www.linkedin.com/in/sam-rivera-demo","2024-02-04 22:26:08 UTC","","Let me check with the team and get back to you.","INBOX","","false","false"
"demo-conv-0103","","Nadia Lindqvist","https://www.linkedin.com/in/nadia-lindqvist-demo","Sam Rivera","https://www.linkedin.com/in/sam-rivera-demo","2024-02-04 15:01:00 UTC","","Ha, exactly.","INBOX","","false","false"
"demo-conv-0069","","Sam Rivera","https://www.linkedin.com/in/sam-rivera-demo","Theo Lockhart","https://www.linkedin.com/in/theo-lockhart-demo","2024-02-03 18:23:33 UTC","","Ha, exactly.","INBOX","","false","false"
"demo-conv-0103","","Sam Rivera","https://www.linkedin.com/in/sam-rivera-demo","Nadia Lindqvist","https://www.linkedin.com/in/nadia-lindqvist-demo","2024-02-02 23:49:00 UTC","","Ha, exactly.","INBOX","","false","false"
"demo-conv-0103","","Sam Rivera","https://www.linkedin.com/in/sam-rivera-demo","Nadia Lindqvist","https://www.linkedin.com/in/nadia-lindqvist-demo","2024-02-01 12:28:00 UTC","","Sending over the doc now.","INBOX","","false","false"
"demo-conv-0103","","Nadia Lindqvist","https://www.linkedin.com/in/nadia-lindqvist-demo","Sam Rivera","https://www.linkedin.com/in/sam-rivera-demo","2024-01-30 20:32:00 UTC","","Following up on this.","INBOX","","false","false"
"demo-conv-0000","","Sam Rivera","https://www.linkedin.com/in/sam-rivera-demo","Priya Okafor","https://www.linkedin.com/in/priya-okafor-demo","2024-01-28 12:05:00 UTC","","Following up on this.","INBOX","","false","false"
"demo-conv-0032","","Lucia Abernathy","https://www.linkedin.com/in/lucia-abernathy-demo","Sam Rivera","https://www.linkedin.com/in/sam-rivera-demo","2024-01-26 20:40:49 UTC","","Sure, works for me.","INBOX","","false","false"
"demo-conv-0108","","Sam Rivera","https://www.linkedin.com/in/sam-rivera-demo","Talia Petrov","https://www.linkedin.com/in/talia-petrov-demo","2024-01-26 11:57:34 UTC","","That makes sense, thank you.","INBOX","","false","false"
"demo-conv-0069","","Theo Lockhart","https://www.linkedin.com/in/theo-lockhart-demo","Sam Rivera","https://www.linkedin.com/in/sam-rivera-demo","2024-01-26 07:42:48 UTC","","Yes, sent it over.","INBOX","","false","false"
"demo-conv-0034","","Dev Adeyemi","https://www.linkedin.com/in/dev-adeyemi-demo","Sam Rivera","https://www.linkedin.com/in/sam-rivera-demo","2024-01-22 23:53:33 UTC","","Are you around for a call Thursday?","INBOX","","false","false"
"demo-conv-0069","","Sam Rivera","https://www.linkedin.com/in/sam-rivera-demo","Theo Lockhart","https://www.linkedin.com/in/theo-lockhart-demo","2024-01-18 03:33:02 UTC","","That makes sense, thank you.","INBOX","","false","false"
"demo-conv-0000","","Priya Okafor","https://www.linkedin.com/in/priya-okafor-demo","Sam Rivera","https://www.linkedin.com/in/sam-rivera-demo","2024-01-17 15:25:00 UTC","","Appreciate it!","INBOX","","false","false"
"demo-conv-0108","","Talia Petrov","https://www.linkedin.com/in/talia-petrov-demo","Sam Rivera","https://www.linkedin.com/in/sam-rivera-demo","2024-01-16 21:04:00 UTC","","Do you have a template for that?","INBOX","","false","false"
"demo-conv-0009","","Sam Rivera","https://www.linkedin.com/in/sam-rivera-demo","Hana Kowalski","https://www.linkedin.com/in/hana-kowalski-demo","2024-01-09 17:25:32 UTC","","Quick question about the onboarding flow.","INBOX","","false","false"
"demo-conv-0069","","Theo Lockhart","https://www.linkedin.com/in/theo-lockhart-demo","Sam Rivera","https://www.linkedin.com/in/sam-rivera-demo","2024-01-09 16:57:16 UTC","","That makes sense, thank you.","INBOX","","false","false"
"demo-conv-0032","","Sam Rivera","https://www.linkedin.com/in/sam-rivera-demo","Lucia Abernathy","https://www.linkedin.com/in/lucia-abernathy-demo","2024-01-08 11:55:20 UTC","","Following up on this.","INBOX","","false","false"
"demo-conv-0108","","Sam Rivera","https://www.linkedin.com/in/sam-rivera-demo","Talia Petrov","https://www.linkedin.com/in/talia-petrov-demo","2024-01-07 04:00:25 UTC","","Following up on this.","INBOX","","false","false"
"demo-conv-0000","","Sam Rivera","https://www.linkedin.com/in/sam-rivera-demo","Priya Okafor","https://www.linkedin.com/in/priya-okafor-demo","2024-01-06 13:25:00 UTC","","Sure, works for me.","INBOX","","false","false"
"demo-conv-0069","","Sam Rivera","https://www.linkedin.com/in/sam-rivera-demo","Theo Lockhart","https://www.linkedin.com/in/theo-lockhart-demo","2024-01-01 11:00:31 UTC","","Ha, exactly.","INBOX","","false","false"
"demo-conv-0034","","Sam Rivera","https://www.linkedin.com/in/sam-rivera-demo","Dev Adeyemi","https://www.linkedin.com/in/dev-adeyemi-demo","2023-12-31 05:44:12 UTC","","Sending over the doc now.","INBOX","","false","false"
"demo-conv-0016","","Sloane Kowalski","https://www.linkedin.com/in/sloane-kowalski-demo","Sam Rivera","https://www.linkedin.com/in/sam-rivera-demo","2023-12-29 07:58:51 UTC","","Saw your post, great points on activation.","INBOX","","false","false"
"demo-conv-0108","","Talia Petrov","https://www.linkedin.com/in/talia-petrov-demo","Sam Rivera","https://www.linkedin.com/in/sam-rivera-demo","2023-12-28 18:59:51 UTC","","Let me check with the team and get back to you.","INBOX","","false","false"
"demo-conv-0000","","Priya Okafor","https://www.linkedin.com/in/priya-okafor-demo","Sam Rivera","https://www.linkedin.com/in/sam-rivera-demo","2023-12-26 15:07:00 UTC","","That makes sense, thank you.","INBOX","","false","false"
"demo-conv-0069","","Theo Lockhart","https://www.linkedin.com/in/theo-lockhart-demo","Sam Rivera","https://www.linkedin.com/in/sam-rivera-demo","2023-12-24 00:24:45 UTC","","That makes sense, thank you.","INBOX","","false","false"
"demo-conv-0076","","Sam Rivera","https://www.linkedin.com/in/sam-rivera-demo","Leila Iyer","https://www.linkedin.com/in/leila-iyer-demo","2023-12-23 19:52:00 UTC","","Sending over the doc now.","INBOX","","false","false"
"demo-conv-0076","","Sam Rivera","https://www.linkedin.com/in/sam-rivera-demo","Leila Iyer","https://www.linkedin.com/in/leila-iyer-demo","2023-12-23 06:53:00 UTC","","Are you around for a call Thursday?","INBOX","","false","false"
"demo-conv-0076","","Leila Iyer","https://www.linkedin.com/in/leila-iyer-demo","Sam Rivera","https://www.linkedin.com/in/sam-rivera-demo","2023-12-22 22:00:00 UTC","","Appreciate it!","INBOX","","false","false"
"demo-conv-0076","","Sam Rivera","https://www.linkedin.com/in/sam-rivera-demo","Leila Iyer","https://www.linkedin.com/in/leila-iyer-demo","2023-12-22 21:36:00 UTC","","Do you have a template for that?","INBOX","","false","false"
"demo-conv-0032","","Lucia Abernathy","https://www.linkedin.com/in/lucia-abernathy-demo","Sam Rivera","https://www.linkedin.com/in/sam-rivera-demo","2023-12-21 08:54:51 UTC","","Thanks for the intro last week, that was really helpful.","INBOX","","false","false"
"demo-conv-0108","","Sam Rivera","https://www.linkedin.com/in/sam-rivera-demo","Talia Petrov","https://www.linkedin.com/in/talia-petrov-demo","2023-12-18 20:45:17 UTC","","Ha, exactly.","INBOX","","false","false"
"demo-conv-0069","","Theo Lockhart","https://www.linkedin.com/in/theo-lockhart-demo","Sam Rivera","https://www.linkedin.com/in/sam-rivera-demo","2023-12-15 18:47:00 UTC","","That makes sense, thank you.","INBOX","","false","false"
"demo-conv-0000","","Sam Rivera","https://www.linkedin.com/in/sam-rivera-demo","Priya Okafor","https://www.linkedin.com/in/priya-okafor-demo","2023-12-15 12:35:00 UTC","","Let me check with the team and get back to you.","INBOX","","false","false"
"demo-conv-0108","","Talia Petrov","https://www.linkedin.com/in/talia-petrov-demo","Sam Rivera","https://www.linkedin.com/in/sam-rivera-demo","2023-12-09 09:14:42 UTC","","Ha, exactly.","INBOX","","false","false"
"demo-conv-0009","","Hana Kowalski","https://www.linkedin.com/in/hana-kowalski-demo","Sam Rivera","https://www.linkedin.com/in/sam-rivera-demo","2023-12-08 13:14:18 UTC","","Thanks for the intro last week, that was really helpful.","INBOX","","false","false"
"demo-conv-0034","","Dev Adeyemi","https://www.linkedin.com/in/dev-adeyemi-demo","Sam Rivera","https://www.linkedin.com/in/sam-rivera-demo","2023-12-08 02:20:51 UTC","","Would love to catch up when you are in town.","INBOX","","false","false"
"demo-conv-0000","","Priya Okafor","https://www.linkedin.com/in/priya-okafor-demo","Sam Rivera","https://www.linkedin.com/in/sam-rivera-demo","2023-12-04 17:36:00 UTC","","Sending over the doc now.","INBOX","","false","false"
"demo-conv-0032","","Sam Rivera","https://www.linkedin.com/in/sam-rivera-demo","Lucia Abernathy","https://www.linkedin.com/in/lucia-abernathy-demo","2023-12-03 00:01:22 UTC","","Let me check with the team and get back to you.","INBOX","","false","false"
"demo-conv-0108","","Sam Rivera","https://www.linkedin.com/in/sam-rivera-demo","Talia Petrov","https://www.linkedin.com/in/talia-petrov-demo","2023-11-29 21:41:08 UTC","","Sure, works for me.","INBOX","","false","false"
"demo-conv-0000","","Sam Rivera","https://www.linkedin.com/in/sam-rivera-demo","Priya Okafor","https://www.linkedin.com/in/priya-okafor-demo","2023-11-23 19:36:00 UTC","","Let me check with the team and get back to you.","INBOX","","false","false"
"demo-conv-0016","","Sam Rivera","https://www.linkedin.com/in/sam-rivera-demo","Sloane Kowalski","https://www.linkedin.com/in/sloane-kowalski-demo","2023-11-21 06:39:08 UTC","","Appreciate it!","INBOX","","false","false"
"demo-conv-0108","","Talia Petrov","https://www.linkedin.com/in/talia-petrov-demo","Sam Rivera","https://www.linkedin.com/in/sam-rivera-demo","2023-11-20 05:59:34 UTC","","Sure, works for me.","INBOX","","false","false"
"demo-conv-0034","","Sam Rivera","https://www.linkedin.com/in/sam-rivera-demo","Dev Adeyemi","https://www.linkedin.com/in/dev-adeyemi-demo","2023-11-15 05:32:31 UTC","","Quick question about the onboarding flow.","INBOX","","false","false"
"demo-conv-0032","","Lucia Abernathy","https://www.linkedin.com/in/lucia-abernathy-demo","Sam Rivera","https://www.linkedin.com/in/sam-rivera-demo","2023-11-15 00:07:53 UTC","","Quick question about the onboarding flow.","INBOX","","false","false"
"demo-conv-0000","","Priya Okafor","https://www.linkedin.com/in/priya-okafor-demo","Sam Rivera","https://www.linkedin.com/in/sam-rivera-demo","2023-11-12 19:50:00 UTC","","Ha, exactly.","INBOX","","false","false"
"demo-conv-0108","","Sam Rivera","https://www.linkedin.com/in/sam-rivera-demo","Talia Petrov","https://www.linkedin.com/in/talia-petrov-demo","2023-11-10 14:13:00 UTC","","Sure, works for me.","INBOX","","false","false"
"demo-conv-0050","","Sam Rivera","https://www.linkedin.com/in/sam-rivera-demo","Ravi Osei","https://www.linkedin.com/in/ravi-osei-demo","2023-11-07 15:25:00 UTC","","Thanks for the intro last week, that was really helpful.","INBOX","","false","false"
"demo-conv-0009","","Sam Rivera","https://www.linkedin.com/in/sam-rivera-demo","Hana Kowalski","https://www.linkedin.com/in/hana-kowalski-demo","2023-11-06 16:02:04 UTC","","Do you have a template for that?","INBOX","","false","false"
"demo-conv-0050","","Ravi Osei","https://www.linkedin.com/in/ravi-osei-demo","Sam Rivera","https://www.linkedin.com/in/sam-rivera-demo","2023-11-05 03:11:00 UTC","","That makes sense, thank you.","INBOX","","false","false"
"demo-conv-0050","","Sam Rivera","https://www.linkedin.com/in/sam-rivera-demo","Ravi Osei","https://www.linkedin.com/in/ravi-osei-demo","2023-11-02 12:11:00 UTC","","Sure, works for me.","INBOX","","false","false"
"demo-conv-0000","","Sam Rivera","https://www.linkedin.com/in/sam-rivera-demo","Priya Okafor","https://www.linkedin.com/in/priya-okafor-demo","2023-11-01 16:08:00 UTC","","Thanks for the intro last week, that was really helpful.","INBOX","","false","false"
"demo-conv-0032","","Sam Rivera","https://www.linkedin.com/in/sam-rivera-demo","Lucia Abernathy","https://www.linkedin.com/in/lucia-abernathy-demo","2023-10-27 16:07:24 UTC","","Appreciate it!","INBOX","","false","false"
"demo-conv-0083","","Sam Rivera","https://www.linkedin.com/in/sam-rivera-demo","Jonas Novak","https://www.linkedin.com/in/jonas-novak-demo","2023-10-23 15:47:00 UTC","","Would love to catch up when you are in town.","INBOX","","false","false"
"demo-conv-0034","","Dev Adeyemi","https://www.linkedin.com/in/dev-adeyemi-demo","Sam Rivera","https://www.linkedin.com/in/sam-rivera-demo","2023-10-23 08:44:10 UTC","","Sending over the doc now.","INBOX","","false","false"
"demo-conv-0000","","Priya Okafor","https://www.linkedin.com/in/priya-okafor-demo","Sam Rivera","https://www.linkedin.com/in/sam-rivera-demo","2023-10-21 20:38:00 UTC","","Ha, exactly.","INBOX","","false","false"
"demo-conv-0083","","Sam Rivera","https://www.linkedin.com/in/sam-rivera-demo","Jonas Novak","https://www.linkedin.com/in/jonas-novak-demo","2023-10-21 09:03:00 UTC","","Sending over the doc now.","INBOX","","false","false"
"demo-conv-0083","","Sam Rivera","https://www.linkedin.com/in/sam-rivera-demo","Jonas Novak","https://www.linkedin.com/in/jonas-novak-demo","2023-10-18 14:20:00 UTC","","Let me check with the team and get back to you.","INBOX","","false","false"
"demo-conv-0016","","Sam Rivera","https://www.linkedin.com/in/sam-rivera-demo","Sloane Kowalski","https://www.linkedin.com/in/sloane-kowalski-demo","2023-10-14 10:04:25 UTC","","Let me check with the team and get back to you.","INBOX","","false","false"
"demo-conv-0000","","Sam Rivera","https://www.linkedin.com/in/sam-rivera-demo","Priya Okafor","https://www.linkedin.com/in/priya-okafor-demo","2023-10-10 13:26:00 UTC","","That makes sense, thank you.","INBOX","","false","false"
"demo-conv-0032","","Lucia Abernathy","https://www.linkedin.com/in/lucia-abernathy-demo","Sam Rivera","https://www.linkedin.com/in/sam-rivera-demo","2023-10-09 06:45:55 UTC","","Following up on this.","INBOX","","false","false"
"demo-conv-0009","","Hana Kowalski","https://www.linkedin.com/in/hana-kowalski-demo","Sam Rivera","https://www.linkedin.com/in/sam-rivera-demo","2023-10-05 09:58:50 UTC","","Sending over the doc now.","INBOX","","false","false"
"demo-conv-0034","","Sam Rivera","https://www.linkedin.com/in/sam-rivera-demo","Dev Adeyemi","https://www.linkedin.com/in/dev-adeyemi-demo","2023-09-30 06:58:49 UTC","","Congrats on the launch!","INBOX","","false","false"
"demo-conv-0032","","Sam Rivera","https://www.linkedin.com/in/sam-rivera-demo","Lucia Abernathy","https://www.linkedin.com/in/lucia-abernathy-demo","2023-09-20 23:54:26 UTC","","That makes sense, thank you.","INBOX","","false","false"
"demo-conv-0034","","Dev Adeyemi","https://www.linkedin.com/in/dev-adeyemi-demo","Sam Rivera","https://www.linkedin.com/in/sam-rivera-demo","2023-09-07 05:34:28 UTC","","Thanks for the intro last week, that was really helpful.","INBOX","","false","false"
"demo-conv-0016","","Sloane Kowalski","https://www.linkedin.com/in/sloane-kowalski-demo","Sam Rivera","https://www.linkedin.com/in/sam-rivera-demo","2023-09-06 06:54:42 UTC","","Let me check with the team and get back to you.","INBOX","","false","false"
"demo-conv-0009","","Sam Rivera","https://www.linkedin.com/in/sam-rivera-demo","Hana Kowalski","https://www.linkedin.com/in/hana-kowalski-demo","2023-09-03 08:56:36 UTC","","Congrats on the launch!","INBOX","","false","false"
"demo-conv-0032","","Lucia Abernathy","https://www.linkedin.com/in/lucia-abernathy-demo","Sam Rivera","https://www.linkedin.com/in/sam-rivera-demo","2023-09-03 02:19:57 UTC","","Are you around for a call Thursday?","INBOX","","false","false"
"demo-conv-0032","","Sam Rivera","https://www.linkedin.com/in/sam-rivera-demo","Lucia Abernathy","https://www.linkedin.com/in/lucia-abernathy-demo","2023-08-15 18:25:28 UTC","","Would love to catch up when you are in town.","INBOX","","false","false"
"demo-conv-0034","","Sam Rivera","https://www.linkedin.com/in/sam-rivera-demo","Dev Adeyemi","https://www.linkedin.com/in/dev-adeyemi-demo","2023-08-15 08:48:08 UTC","","Sending over the doc now.","INBOX","","false","false"
"demo-conv-0009","","Hana Kowalski","https://www.linkedin.com/in/hana-kowalski-demo","Sam Rivera","https://www.linkedin.com/in/sam-rivera-demo","2023-08-01 23:06:23 UTC","","Ha, exactly.","INBOX","","false","false"
"demo-conv-0016","","Sam Rivera","https://www.linkedin.com/in/sam-rivera-demo","Sloane Kowalski","https://www.linkedin.com/in/sloane-kowalski-demo","2023-07-30 12:08:00 UTC","","Congrats on the launch!","INBOX","","false","false"
"demo-conv-0032","","Lucia Abernathy","https://www.linkedin.com/in/lucia-abernathy-demo","Sam Rivera","https://www.linkedin.com/in/sam-rivera-demo","2023-07-28 07:59:59 UTC","","Thanks for the intro last week, that was really helpful.","INBOX","","false","false"
"demo-conv-0034","","Dev Adeyemi","https://www.linkedin.com/in/dev-adeyemi-demo","Sam Rivera","https://www.linkedin.com/in/sam-rivera-demo","2023-07-23 06:52:47 UTC","","Thanks for the intro last week, that was really helpful.","INBOX","","false","false"
"demo-conv-0032","","Sam Rivera","https://www.linkedin.com/in/sam-rivera-demo","Lucia Abernathy","https://www.linkedin.com/in/lucia-abernathy-demo","2023-07-10 03:31:30 UTC","","Let me check with the team and get back to you.","INBOX","","false","false"
"demo-conv-0009","","Sam Rivera","https://www.linkedin.com/in/sam-rivera-demo","Hana Kowalski","https://www.linkedin.com/in/hana-kowalski-demo","2023-06-30 18:09:09 UTC","","Are you around for a call Thursday?","INBOX","","false","false"
"demo-conv-0034","","Sam Rivera","https://www.linkedin.com/in/sam-rivera-demo","Dev Adeyemi","https://www.linkedin.com/in/dev-adeyemi-demo","2023-06-30 10:13:26 UTC","","Appreciate it!","INBOX","","false","false"
"demo-conv-0016","","Sloane Kowalski","https://www.linkedin.com/in/sloane-kowalski-demo","Sam Rivera","https://www.linkedin.com/in/sam-rivera-demo","2023-06-22 06:03:17 UTC","","Ha, exactly.","INBOX","","false","false"
"demo-conv-0032","","Sam Rivera","https://www.linkedin.com/in/sam-rivera-demo","Lucia Abernathy","https://www.linkedin.com/in/lucia-abernathy-demo","2023-06-22 02:01:01 UTC","","That makes sense, thank you.","INBOX","","false","false"
"demo-conv-0034","","Dev Adeyemi","https://www.linkedin.com/in/dev-adeyemi-demo","Sam Rivera","https://www.linkedin.com/in/sam-rivera-demo","2023-06-07 13:45:06 UTC","","Appreciate it!","INBOX","","false","false"
"demo-conv-0032","","Sam Rivera","https://www.linkedin.com/in/sam-rivera-demo","Lucia Abernathy","https://www.linkedin.com/in/lucia-abernathy-demo","2023-06-03 23:40:32 UTC","","Would love to catch up when you are in town.","INBOX","","false","false"
"demo-conv-0009","","Hana Kowalski","https://www.linkedin.com/in/hana-kowalski-demo","Sam Rivera","https://www.linkedin.com/in/sam-rivera-demo","2023-05-29 16:57:55 UTC","","Ha, exactly.","INBOX","","false","false"
"demo-conv-0032","","Lucia Abernathy","https://www.linkedin.com/in/lucia-abernathy-demo","Sam Rivera","https://www.linkedin.com/in/sam-rivera-demo","2023-05-16 10:31:03 UTC","","Let me check with the team and get back to you.","INBOX","","false","false"
"demo-conv-0034","","Sam Rivera","https://www.linkedin.com/in/sam-rivera-demo","Dev Adeyemi","https://www.linkedin.com/in/dev-adeyemi-demo","2023-05-15 13:53:45 UTC","","Congrats on the launch!","INBOX","","false","false"
"demo-conv-0016","","Sam Rivera","https://www.linkedin.com/in/sam-rivera-demo","Sloane Kowalski","https://www.linkedin.com/in/sloane-kowalski-demo","2023-05-15 08:36:34 UTC","","Thanks for the intro last week, that was really helpful.","INBOX","","false","false"
"demo-conv-0032","","Sam Rivera","https://www.linkedin.com/in/sam-rivera-demo","Lucia Abernathy","https://www.linkedin.com/in/lucia-abernathy-demo","2023-04-28 13:38:34 UTC","","Saw your post, great points on activation.","INBOX","","false","false"
"demo-conv-0009","","Sam Rivera","https://www.linkedin.com/in/sam-rivera-demo","Hana Kowalski","https://www.linkedin.com/in/hana-kowalski-demo","2023-04-27 11:27:41 UTC","","Ha, exactly.","INBOX","","false","false"
"demo-conv-0034","","Dev Adeyemi","https://www.linkedin.com/in/dev-adeyemi-demo","Sam Rivera","https://www.linkedin.com/in/sam-rivera-demo","2023-04-22 15:32:24 UTC","","Quick question about the onboarding flow.","INBOX","","false","false"
"demo-conv-0032","","Lucia Abernathy","https://www.linkedin.com/in/lucia-abernathy-demo","Sam Rivera","https://www.linkedin.com/in/sam-rivera-demo","2023-04-10 02:19:05 UTC","","Sending over the doc now.","INBOX","","false","false"
"demo-conv-0016","","Sloane Kowalski","https://www.linkedin.com/in/sloane-kowalski-demo","Sam Rivera","https://www.linkedin.com/in/sam-rivera-demo","2023-04-07 12:15:51 UTC","","Sending over the doc now.","INBOX","","false","false"
"demo-conv-0034","","Sam Rivera","https://www.linkedin.com/in/sam-rivera-demo","Dev Adeyemi","https://www.linkedin.com/in/dev-adeyemi-demo","2023-03-30 16:47:04 UTC","","Following up on this.","INBOX","","false","false"
"demo-conv-0009","","Hana Kowalski","https://www.linkedin.com/in/hana-kowalski-demo","Sam Rivera","https://www.linkedin.com/in/sam-rivera-demo","2023-03-26 04:22:27 UTC","","Ha, exactly.","INBOX","","false","false"
"demo-conv-0032","","Sam Rivera","https://www.linkedin.com/in/sam-rivera-demo","Lucia Abernathy","https://www.linkedin.com/in/lucia-abernathy-demo","2023-03-22 19:34:36 UTC","","Quick question about the onboarding flow.","INBOX","","false","false"
"demo-conv-0034","","Dev Adeyemi","https://www.linkedin.com/in/dev-adeyemi-demo","Sam Rivera","https://www.linkedin.com/in/sam-rivera-demo","2023-03-07 08:34:43 UTC","","Are you around for a call Thursday?","INBOX","","false","false"
"demo-conv-0032","","Sam Rivera","https://www.linkedin.com/in/sam-rivera-demo","Lucia Abernathy","https://www.linkedin.com/in/lucia-abernathy-demo","2023-03-04 17:18:07 UTC","","Sure, works for me.","INBOX","","false","false"
"demo-conv-0016","","Sam Rivera","https://www.linkedin.com/in/sam-rivera-demo","Sloane Kowalski","https://www.linkedin.com/in/sloane-kowalski-demo","2023-02-28 15:23:08 UTC","","Following up on this.","INBOX","","false","false"
"demo-conv-0009","","Sam Rivera","https://www.linkedin.com/in/sam-rivera-demo","Hana Kowalski","https://www.linkedin.com/in/hana-kowalski-demo","2023-02-22 02:09:13 UTC","","Following up on this.","INBOX","","false","false"
"demo-conv-0032","","Sam Rivera","https://www.linkedin.com/in/sam-rivera-demo","Lucia Abernathy","https://www.linkedin.com/in/lucia-abernathy-demo","2023-02-14 17:30:38 UTC","","That makes sense, thank you.","INBOX","","false","false"
"demo-conv-0034","","Sam Rivera","https://www.linkedin.com/in/sam-rivera-demo","Dev Adeyemi","https://www.linkedin.com/in/dev-adeyemi-demo","2023-02-12 11:22:22 UTC","","Following up on this.","INBOX","","false","false"
"demo-conv-0032","","Lucia Abernathy","https://www.linkedin.com/in/lucia-abernathy-demo","Sam Rivera","https://www.linkedin.com/in/sam-rivera-demo","2023-01-27 10:15:09 UTC","","Congrats on the launch!","INBOX","","false","false"
"demo-conv-0016","","Sloane Kowalski","https://www.linkedin.com/in/sloane-kowalski-demo","Sam Rivera","https://www.linkedin.com/in/sam-rivera-demo","2023-01-21 13:03:25 UTC","","Following up on this.","INBOX","","false","false"
"demo-conv-0009","","Hana Kowalski","https://www.linkedin.com/in/hana-kowalski-demo","Sam Rivera","https://www.linkedin.com/in/sam-rivera-demo","2023-01-21 01:06:00 UTC","","Quick question about the onboarding flow.","INBOX","","false","false"
"demo-conv-0034","","Dev Adeyemi","https://www.linkedin.com/in/dev-adeyemi-demo","Sam Rivera","https://www.linkedin.com/in/sam-rivera-demo","2023-01-20 15:00:02 UTC","","That makes sense, thank you.","INBOX","","false","false"
"demo-conv-0032","","Sam Rivera","https://www.linkedin.com/in/sam-rivera-demo","Lucia Abernathy","https://www.linkedin.com/in/lucia-abernathy-demo","2023-01-09 01:07:40 UTC","","Yes, sent it over.","INBOX","","false","false"
"demo-conv-0034","","Sam Rivera","https://www.linkedin.com/in/sam-rivera-demo","Dev Adeyemi","https://www.linkedin.com/in/dev-adeyemi-demo","2022-12-28 14:19:41 UTC","","Thanks for the intro last week, that was really helpful.","INBOX","","false","false"
"demo-conv-0032","","Lucia Abernathy","https://www.linkedin.com/in/lucia-abernathy-demo","Sam Rivera","https://www.linkedin.com/in/sam-rivera-demo","2022-12-21 21:17:11 UTC","","Yes, sent it over.","INBOX","","false","false"
"demo-conv-0009","","Sam Rivera","https://www.linkedin.com/in/sam-rivera-demo","Hana Kowalski","https://www.linkedin.com/in/hana-kowalski-demo","2022-12-19 21:27:46 UTC","","Are you around for a call Thursday?","INBOX","","false","false"
"demo-conv-0016","","Sam Rivera","https://www.linkedin.com/in/sam-rivera-demo","Sloane Kowalski","https://www.linkedin.com/in/sloane-kowalski-demo","2022-12-14 08:12:42 UTC","","Saw your post, great points on activation.","INBOX","","false","false"
"demo-conv-0034","","Dev Adeyemi","https://www.linkedin.com/in/dev-adeyemi-demo","Sam Rivera","https://www.linkedin.com/in/sam-rivera-demo","2022-12-05 17:35:20 UTC","","Quick question about the onboarding flow.","INBOX","","false","false"
"demo-conv-0032","","Sam Rivera","https://www.linkedin.com/in/sam-rivera-demo","Lucia Abernathy","https://www.linkedin.com/in/lucia-abernathy-demo","2022-12-03 20:17:42 UTC","","Following up on this.","INBOX","","false","false"
"demo-conv-0009","","Hana Kowalski","https://www.linkedin.com/in/hana-kowalski-demo","Sam Rivera","https://www.linkedin.com/in/sam-rivera-demo","2022-11-17 13:14:32 UTC","","Would love to catch up when you are in town.","INBOX","","false","false"
"demo-conv-0032","","Lucia Abernathy","https://www.linkedin.com/in/lucia-abernathy-demo","Sam Rivera","https://www.linkedin.com/in/sam-rivera-demo","2022-11-15 07:12:13 UTC","","Quick question about the onboarding flow.","INBOX","","false","false"
"demo-conv-0034","","Sam Rivera","https://www.linkedin.com/in/sam-rivera-demo","Dev Adeyemi","https://www.linkedin.com/in/dev-adeyemi-demo","2022-11-12 19:18:00 UTC","","That makes sense, thank you.","INBOX","","false","false"
"demo-conv-0016","","Sloane Kowalski","https://www.linkedin.com/in/sloane-kowalski-demo","Sam Rivera","https://www.linkedin.com/in/sam-rivera-demo","2022-11-06 08:43:00 UTC","","Yes, sent it over.","INBOX","","false","false"
"demo-conv-0032","","Sam Rivera","https://www.linkedin.com/in/sam-rivera-demo","Lucia Abernathy","https://www.linkedin.com/in/lucia-abernathy-demo","2022-10-28 07:15:44 UTC","","Are you around for a call Thursday?","INBOX","","false","false"
"demo-conv-0009","","Sam Rivera","https://www.linkedin.com/in/sam-rivera-demo","Hana Kowalski","https://www.linkedin.com/in/hana-kowalski-demo","2022-10-16 07:19:18 UTC","","Congrats on the launch!","INBOX","","false","false"
"demo-conv-0032","","Lucia Abernathy","https://www.linkedin.com/in/lucia-abernathy-demo","Sam Rivera","https://www.linkedin.com/in/sam-rivera-demo","2022-10-10 01:01:15 UTC","","Sending over the doc now.","INBOX","","false","false"
"demo-conv-0016","","Sam Rivera","https://www.linkedin.com/in/sam-rivera-demo","Sloane Kowalski","https://www.linkedin.com/in/sloane-kowalski-demo","2022-09-29 09:16:17 UTC","","Do you have a template for that?","INBOX","","false","false"
"demo-conv-0032","","Sam Rivera","https://www.linkedin.com/in/sam-rivera-demo","Lucia Abernathy","https://www.linkedin.com/in/lucia-abernathy-demo","2022-09-21 17:49:46 UTC","","Would love to catch up when you are in town.","INBOX","","false","false"
"demo-conv-0009","","Hana Kowalski","https://www.linkedin.com/in/hana-kowalski-demo","Sam Rivera","https://www.linkedin.com/in/sam-rivera-demo","2022-09-14 06:56:04 UTC","","That makes sense, thank you.","INBOX","","false","false"
"demo-conv-0032","","Lucia Abernathy","https://www.linkedin.com/in/lucia-abernathy-demo","Sam Rivera","https://www.linkedin.com/in/sam-rivera-demo","2022-09-03 10:17:17 UTC","","Following up on this.","INBOX","","false","false"
"demo-conv-0016","","Sloane Kowalski","https://www.linkedin.com/in/sloane-kowalski-demo","Sam Rivera","https://www.linkedin.com/in/sam-rivera-demo","2022-08-22 15:01:34 UTC","","Thanks for the intro last week, that was really helpful.","INBOX","","false","false"
"demo-conv-0032","","Lucia Abernathy","https://www.linkedin.com/in/lucia-abernathy-demo","Sam Rivera","https://www.linkedin.com/in/sam-rivera-demo","2022-08-16 06:51:48 UTC","","Ha, exactly.","INBOX","","false","false"
"demo-conv-0009","","Sam Rivera","https://www.linkedin.com/in/sam-rivera-demo","Hana Kowalski","https://www.linkedin.com/in/hana-kowalski-demo","2022-08-12 21:47:50 UTC","","Sure, works for me.","INBOX","","false","false"
"demo-conv-0032","","Lucia Abernathy","https://www.linkedin.com/in/lucia-abernathy-demo","Sam Rivera","https://www.linkedin.com/in/sam-rivera-demo","2022-07-29 07:57:19 UTC","","Thanks for the intro last week, that was really helpful.","INBOX","","false","false"
"demo-conv-0016","","Sam Rivera","https://www.linkedin.com/in/sam-rivera-demo","Sloane Kowalski","https://www.linkedin.com/in/sloane-kowalski-demo","2022-07-15 11:31:51 UTC","","Are you around for a call Thursday?","INBOX","","false","false"
"demo-conv-0009","","Hana Kowalski","https://www.linkedin.com/in/hana-kowalski-demo","Sam Rivera","https://www.linkedin.com/in/sam-rivera-demo","2022-07-11 19:47:36 UTC","","Congrats on the launch!","INBOX","","false","false"
"demo-conv-0032","","Sam Rivera","https://www.linkedin.com/in/sam-rivera-demo","Lucia Abernathy","https://www.linkedin.com/in/lucia-abernathy-demo","2022-07-10 19:07:50 UTC","","Let me check with the team and get back to you.","INBOX","","false","false"
"demo-conv-0032","","Lucia Abernathy","https://www.linkedin.com/in/lucia-abernathy-demo","Sam Rivera","https://www.linkedin.com/in/sam-rivera-demo","2022-06-22 12:55:21 UTC","","Appreciate it!","INBOX","","false","false"
"demo-conv-0009","","Sam Rivera","https://www.linkedin.com/in/sam-rivera-demo","Hana Kowalski","https://www.linkedin.com/in/hana-kowalski-demo","2022-06-09 14:15:23 UTC","","That makes sense, thank you.","INBOX","","false","false"
"demo-conv-0016","","Sloane Kowalski","https://www.linkedin.com/in/sloane-kowalski-demo","Sam Rivera","https://www.linkedin.com/in/sam-rivera-demo","2022-06-07 12:45:08 UTC","","Congrats on the launch!","INBOX","","false","false"
"demo-conv-0032","","Lucia Abernathy","https://www.linkedin.com/in/lucia-abernathy-demo","Sam Rivera","https://www.linkedin.com/in/sam-rivera-demo","2022-06-04 08:47:52 UTC","","Thanks for the intro last week, that was really helpful.","INBOX","","false","false"
"demo-conv-0032","","Lucia Abernathy","https://www.linkedin.com/in/lucia-abernathy-demo","Sam Rivera","https://www.linkedin.com/in/sam-rivera-demo","2022-05-17 02:22:23 UTC","","Let me check with the team and get back to you.","INBOX","","false","false"
"demo-conv-0009","","Hana Kowalski","https://www.linkedin.com/in/hana-kowalski-demo","Sam Rivera","https://www.linkedin.com/in/sam-rivera-demo","2022-05-08 16:37:09 UTC","","Appreciate it!","INBOX","","false","false"
"demo-conv-0016","","Sam Rivera","https://www.linkedin.com/in/sam-rivera-demo","Sloane Kowalski","https://www.linkedin.com/in/sloane-kowalski-demo","2022-04-30 12:10:25 UTC","","Are you around for a call Thursday?","INBOX","","false","false"
"demo-conv-0032","","Sam Rivera","https://www.linkedin.com/in/sam-rivera-demo","Lucia Abernathy","https://www.linkedin.com/in/lucia-abernathy-demo","2022-04-29 03:49:54 UTC","","Saw your post, great points on activation.","INBOX","","false","false"
"demo-conv-0032","","Lucia Abernathy","https://www.linkedin.com/in/lucia-abernathy-demo","Sam Rivera","https://www.linkedin.com/in/sam-rivera-demo","2022-04-10 18:32:25 UTC","","Let me check with the team and get back to you.","INBOX","","false","false"
"demo-conv-0009","","Sam Rivera","https://www.linkedin.com/in/sam-rivera-demo","Hana Kowalski","https://www.linkedin.com/in/hana-kowalski-demo","2022-04-06 08:37:55 UTC","","Let me check with the team and get back to you.","INBOX","","false","false"
"demo-conv-0016","","Sloane Kowalski","https://www.linkedin.com/in/sloane-kowalski-demo","Sam Rivera","https://www.linkedin.com/in/sam-rivera-demo","2022-03-23 15:02:42 UTC","","Saw your post, great points on activation.","INBOX","","false","false"
"demo-conv-0032","","Lucia Abernathy","https://www.linkedin.com/in/lucia-abernathy-demo","Sam Rivera","https://www.linkedin.com/in/sam-rivera-demo","2022-03-23 09:07:56 UTC","","Let me check with the team and get back to you.","INBOX","","false","false"
"demo-conv-0032","","Lucia Abernathy","https://www.linkedin.com/in/lucia-abernathy-demo","Sam Rivera","https://www.linkedin.com/in/sam-rivera-demo","2022-03-05 08:08:27 UTC","","Would love to catch up when you are in town.","INBOX","","false","false"
"demo-conv-0009","","Hana Kowalski","https://www.linkedin.com/in/hana-kowalski-demo","Sam Rivera","https://www.linkedin.com/in/sam-rivera-demo","2022-03-05 05:37:41 UTC","","Saw your post, great points on activation.","INBOX","","false","false"
"demo-conv-0032","","Sam Rivera","https://www.linkedin.com/in/sam-rivera-demo","Lucia Abernathy","https://www.linkedin.com/in/lucia-abernathy-demo","2022-02-15 02:27:58 UTC","","That makes sense, thank you.","INBOX","","false","false"
"demo-conv-0016","","Sam Rivera","https://www.linkedin.com/in/sam-rivera-demo","Sloane Kowalski","https://www.linkedin.com/in/sloane-kowalski-demo","2022-02-13 15:59:00 UTC","","Ha, exactly.","INBOX","","false","false"
"demo-conv-0009","","Sam Rivera","https://www.linkedin.com/in/sam-rivera-demo","Hana Kowalski","https://www.linkedin.com/in/hana-kowalski-demo","2022-01-31 23:25:27 UTC","","Quick question about the onboarding flow.","INBOX","","false","false"
"demo-conv-0032","","Lucia Abernathy","https://www.linkedin.com/in/lucia-abernathy-demo","Sam Rivera","https://www.linkedin.com/in/sam-rivera-demo","2022-01-28 01:16:29 UTC","","Following up on this.","INBOX","","false","false"
"demo-conv-0032","","Sam Rivera","https://www.linkedin.com/in/sam-rivera-demo","Lucia Abernathy","https://www.linkedin.com/in/lucia-abernathy-demo","2022-01-09 21:21:00 UTC","","Appreciate it!","INBOX","","false","false"
"demo-conv-0009","","Sam Rivera","https://www.linkedin.com/in/sam-rivera-demo","Hana Kowalski","https://www.linkedin.com/in/hana-kowalski-demo","2021-12-30 23:29:13 UTC","","Would love to catch up when you are in town.","INBOX","","false","false"
"demo-conv-0009","","Sam Rivera","https://www.linkedin.com/in/sam-rivera-demo","Hana Kowalski","https://www.linkedin.com/in/hana-kowalski-demo","2021-11-28 19:56:00 UTC","","Ha, exactly.","INBOX","","false","false"
